/*
SQLyog Community v13.2.0 (64 bit)
MySQL - 10.4.32-MariaDB : Database - plc_db
*********************************************************************
*/

/*!40101 SET NAMES utf8 */;

/*!40101 SET SQL_MODE=''*/;

/*!40014 SET @OLD_UNIQUE_CHECKS=@@UNIQUE_CHECKS, UNIQUE_CHECKS=0 */;
/*!40014 SET @OLD_FOREIGN_KEY_CHECKS=@@FOREIGN_KEY_CHECKS, FOREIGN_KEY_CHECKS=0 */;
/*!40101 SET @OLD_SQL_MODE=@@SQL_MODE, SQL_MODE='NO_AUTO_VALUE_ON_ZERO' */;
/*!40111 SET @OLD_SQL_NOTES=@@SQL_NOTES, SQL_NOTES=0 */;
CREATE DATABASE /*!32312 IF NOT EXISTS*/`plc_db` /*!40100 DEFAULT CHARACTER SET utf8mb4 COLLATE utf8mb4_general_ci */;

USE `plc_db`;

/*Table structure for table `plc_oee_activities` */

DROP TABLE IF EXISTS `plc_oee_activities`;

CREATE TABLE `plc_oee_activities` (
  `device` varchar(10) DEFAULT NULL,
  `station_id` int(2) DEFAULT NULL,
  `plc_id` int(2) DEFAULT NULL,
  `value` varchar(100) DEFAULT NULL,
  `update_at` timestamp NOT NULL DEFAULT current_timestamp()
) ENGINE=InnoDB DEFAULT CHARSET=utf8mb4 COLLATE=utf8mb4_general_ci;

/*Data for the table `plc_oee_activities` */

insert  into `plc_oee_activities`(`device`,`station_id`,`plc_id`,`value`,`update_at`) values 
('W80',3,12,'1987','2026-02-22 12:48:42'),
('W82',3,2,'1984','2026-02-22 12:48:42'),
('W84',3,3,'1984','2026-02-22 12:48:42'),
('W86',3,4,'1982','2026-02-22 12:48:42'),
('W88',3,5,'1981','2026-02-22 12:48:42'),
('W8A',3,6,'1982','2026-02-22 12:48:42'),
('W8C',3,7,'1980','2026-02-22 12:48:42'),
('W8E',3,8,'00000000','2026-02-22 12:48:42'),
('W90',3,9,'1978','2026-02-22 12:48:42'),
('W92',3,10,'1977','2026-02-22 12:48:42'),
('W94',3,11,'1976','2026-02-22 12:48:42'),
('W96',3,12,'1975','2026-02-22 12:48:42'),
('W98',3,13,'00000000','2026-02-22 12:48:42'),
('W9A',3,14,'00000000','2026-02-22 12:48:42'),
('W9C',3,15,'1973','2026-02-22 12:48:42'),
('W9E',3,16,'1969','2026-02-22 12:48:42'),
('W180',3,7,'1974','2026-02-22 12:48:42'),
('W2C0',12,1,'2008','2026-02-22 12:48:42'),
('W2C4',12,3,'1999','2026-02-22 12:48:42'),
('W2C6',12,4,'2001','2026-02-22 12:48:42'),
('W2D0',12,9,'1996','2026-02-22 12:48:42'),
('W2D2',12,10,'1996','2026-02-22 12:48:42'),
('W2D4',12,11,'1995','2026-02-22 12:48:42'),
('W2D6',12,12,'1993','2026-02-22 12:48:42'),
('W2D8',12,13,'1993','2026-02-22 12:48:42'),
('W2DE',12,16,'1992','2026-02-22 12:48:42'),
('W3C0',16,1,'1998','2026-02-22 12:48:42'),
('W3C2',16,2,'1978','2026-02-22 12:48:42'),
('W3C4',16,3,'1977','2026-02-22 12:48:42'),
('W3C6',16,4,'1974','2026-02-22 12:48:42'),
('W3C8',16,5,'1978','2026-02-22 12:48:42'),
('W3CA',16,6,'1997','2026-02-22 12:48:42'),
('W3CE',16,8,'1974','2026-02-22 12:48:42'),
('W3CE',16,8,'1975','2026-02-22 13:27:20'),
('W80',3,12,'1987','2026-02-22 13:45:43'),
('W82',3,2,'1984','2026-02-22 13:45:43'),
('W84',3,3,'1984','2026-02-22 13:45:43'),
('W86',3,4,'1982','2026-02-22 13:45:43'),
('W88',3,5,'1981','2026-02-22 13:45:43'),
('W8A',3,6,'1982','2026-02-22 13:45:43'),
('W8C',3,7,'1980','2026-02-22 13:45:43'),
('W8E',3,8,'00000000','2026-02-22 13:45:43'),
('W90',3,9,'1978','2026-02-22 13:45:43'),
('W92',3,10,'1977','2026-02-22 13:45:43'),
('W94',3,11,'1976','2026-02-22 13:45:43'),
('W96',3,12,'1975','2026-02-22 13:45:43'),
('W98',3,13,'00000000','2026-02-22 13:45:43'),
('W9A',3,14,'00000000','2026-02-22 13:45:43'),
('W9C',3,15,'1973','2026-02-22 13:45:43'),
('W9E',3,16,'1969','2026-02-22 13:45:43'),
('W180',3,7,'1974','2026-02-22 13:45:43'),
('W182',3,8,'00000000','2026-02-22 13:45:43'),
('W2C0',12,1,'2008','2026-02-22 13:45:43'),
('W2C2',12,2,'00000000','2026-02-22 13:45:43'),
('W2C4',12,3,'1999','2026-02-22 13:45:43'),
('W2C6',12,4,'2001','2026-02-22 13:45:43'),
('W2C8',12,5,'00000000','2026-02-22 13:45:43'),
('W2CA',12,6,'00000000','2026-02-22 13:45:43'),
('W2CC',12,7,'00000000','2026-02-22 13:45:43'),
('W2CE',12,8,'00000000','2026-02-22 13:45:43'),
('W2D0',12,9,'1996','2026-02-22 13:45:43'),
('W2D2',12,10,'1996','2026-02-22 13:45:43'),
('W2D4',12,11,'1995','2026-02-22 13:45:43'),
('W2D6',12,12,'1993','2026-02-22 13:45:43'),
('W2D8',12,13,'1993','2026-02-22 13:45:43'),
('W2DA',12,14,'00000000','2026-02-22 13:45:43'),
('W2DC',12,15,'00000000','2026-02-22 13:45:43'),
('W2DE',12,16,'1992','2026-02-22 13:45:43'),
('W3C0',16,1,'1998','2026-02-22 13:45:43'),
('W3C2',16,2,'1978','2026-02-22 13:45:43'),
('W3C4',16,3,'1977','2026-02-22 13:45:43'),
('W3C6',16,4,'1974','2026-02-22 13:45:43'),
('W3C8',16,5,'1978','2026-02-22 13:45:43'),
('W3CA',16,6,'1997','2026-02-22 13:45:43'),
('W3CC',16,7,'00000000','2026-02-22 13:45:43'),
('W3CE',16,8,'1975','2026-02-22 13:45:43'),
('W3D0',16,9,'00000000','2026-02-22 13:45:43'),
('W3D2',16,10,'00000000','2026-02-22 13:45:43'),
('W3D4',16,11,'00000000','2026-02-22 13:45:43'),
('W3D6',16,12,'00000000','2026-02-22 13:45:43'),
('W3D8',16,13,'00000000','2026-02-22 13:45:43'),
('W3DA',16,14,'00000000','2026-02-22 13:45:43'),
('W3DC',16,15,'00000000','2026-02-22 13:45:43'),
('W3DE',16,16,'00000000','2026-02-22 13:45:43');

/*Table structure for table `plc_oee_activities_master` */

DROP TABLE IF EXISTS `plc_oee_activities_master`;

CREATE TABLE `plc_oee_activities_master` (
  `device` varchar(10) NOT NULL,
  `station_id` int(11) DEFAULT NULL,
  `plc_id` int(11) DEFAULT NULL,
  `value` varchar(255) DEFAULT '0',
  `updated_at` datetime DEFAULT current_timestamp(),
  `status_read` int(1) DEFAULT 0,
  PRIMARY KEY (`device`)
) ENGINE=InnoDB DEFAULT CHARSET=utf8mb4 COLLATE=utf8mb4_general_ci;

/*Data for the table `plc_oee_activities_master` */

insert  into `plc_oee_activities_master`(`device`,`station_id`,`plc_id`,`value`,`updated_at`,`status_read`) values 
('W180',3,7,'1974','2026-02-22 13:45:43',0),
('W182',3,8,'00000000','2026-02-22 13:45:43',0),
('W2C0',12,1,'2008','2026-02-22 13:45:43',0),
('W2C2',12,2,'00000000','2026-02-22 13:45:43',0),
('W2C4',12,3,'1999','2026-02-22 13:45:43',0),
('W2C6',12,4,'2001','2026-02-22 13:45:43',0),
('W2C8',12,5,'00000000','2026-02-22 13:45:43',0),
('W2CA',12,6,'00000000','2026-02-22 13:45:43',0),
('W2CC',12,7,'00000000','2026-02-22 13:45:43',0),
('W2CE',12,8,'00000000','2026-02-22 13:45:43',0),
('W2D0',12,9,'1996','2026-02-22 13:45:43',0),
('W2D2',12,10,'1996','2026-02-22 13:45:43',0),
('W2D4',12,11,'1995','2026-02-22 13:45:43',0),
('W2D6',12,12,'1993','2026-02-22 13:45:43',0),
('W2D8',12,13,'1993','2026-02-22 13:45:43',0),
('W2DA',12,14,'00000000','2026-02-22 13:45:43',0),
('W2DC',12,15,'00000000','2026-02-22 13:45:43',0),
('W2DE',12,16,'1992','2026-02-22 13:45:43',0),
('W3C0',16,1,'1998','2026-02-22 13:45:43',0),
('W3C2',16,2,'1978','2026-02-22 13:45:43',0),
('W3C4',16,3,'1977','2026-02-22 13:45:43',0),
('W3C6',16,4,'1974','2026-02-22 13:45:43',0),
('W3C8',16,5,'1978','2026-02-22 13:45:43',0),
('W3CA',16,6,'1997','2026-02-22 13:45:43',0),
('W3CC',16,7,'00000000','2026-02-22 13:45:43',0),
('W3CE',16,8,'1975','2026-02-22 13:45:43',0),
('W3D0',16,9,'00000000','2026-02-22 13:45:43',0),
('W3D2',16,10,'00000000','2026-02-22 13:45:43',0),
('W3D4',16,11,'00000000','2026-02-22 13:45:43',0),
('W3D6',16,12,'00000000','2026-02-22 13:45:43',0),
('W3D8',16,13,'00000000','2026-02-22 13:45:43',0),
('W3DA',16,14,'00000000','2026-02-22 13:45:43',0),
('W3DC',16,15,'00000000','2026-02-22 13:45:43',0),
('W3DE',16,16,'00000000','2026-02-22 13:45:43',0),
('W80',3,12,'1987','2026-02-22 13:45:43',0),
('W82',3,2,'1984','2026-02-22 13:45:43',0),
('W84',3,3,'1984','2026-02-22 13:45:43',0),
('W86',3,4,'1982','2026-02-22 13:45:43',0),
('W88',3,5,'1981','2026-02-22 13:45:43',0),
('W8A',3,6,'1982','2026-02-22 13:45:43',0),
('W8C',3,7,'1980','2026-02-22 13:45:43',0),
('W8E',3,8,'00000000','2026-02-22 13:45:43',0),
('W90',3,9,'1978','2026-02-22 13:45:43',0),
('W92',3,10,'1977','2026-02-22 13:45:43',0),
('W94',3,11,'1976','2026-02-22 13:45:43',0),
('W96',3,12,'1975','2026-02-22 13:45:43',0),
('W98',3,13,'00000000','2026-02-22 13:45:43',0),
('W9A',3,14,'00000000','2026-02-22 13:45:43',0),
('W9C',3,15,'1973','2026-02-22 13:45:43',0),
('W9E',3,16,'1969','2026-02-22 13:45:43',0);

/*Table structure for table `plc_oee_delay_activities` */

DROP TABLE IF EXISTS `plc_oee_delay_activities`;

CREATE TABLE `plc_oee_delay_activities` (
  `device` varchar(5) DEFAULT NULL,
  `station_id` int(4) DEFAULT NULL,
  `plc_id` int(4) DEFAULT NULL,
  `value` int(1) DEFAULT NULL,
  `comment` varchar(100) DEFAULT NULL,
  `start_time` datetime DEFAULT NULL,
  `end_time` datetime DEFAULT NULL,
  `update_at` timestamp NOT NULL DEFAULT current_timestamp()
) ENGINE=InnoDB DEFAULT CHARSET=utf8mb4 COLLATE=utf8mb4_general_ci;

/*Data for the table `plc_oee_delay_activities` */

insert  into `plc_oee_delay_activities`(`device`,`station_id`,`plc_id`,`value`,`comment`,`start_time`,`end_time`,`update_at`) values 
('B154',3,1,1,'Poka01 Process Start FROM ST. 3','2026-02-22 12:48:42',NULL,'2026-02-22 12:48:42'),
('B155',3,2,1,'Poka02 Process Start FROM ST. 3','2026-02-22 12:48:42',NULL,'2026-02-22 12:48:42'),
('B156',3,3,1,'Poka03 Process Start FROM ST. 3','2026-02-22 12:48:42',NULL,'2026-02-22 12:48:42'),
('B157',3,4,1,'Poka04 Process Start FROM ST. 3','2026-02-22 12:48:42',NULL,'2026-02-22 12:48:42'),
('B7D4',16,1,1,'Poka01 Process Start FROM ST. 16','2026-02-22 12:48:42',NULL,'2026-02-22 12:48:42'),
('B7D5',16,2,1,'Poka02 Process Start FROM ST. 16','2026-02-22 12:48:42',NULL,'2026-02-22 12:48:42'),
('B7D6',16,3,1,'Poka03 Process Start FROM ST. 16','2026-02-22 12:48:42',NULL,'2026-02-22 12:48:42'),
('B7D8',16,5,1,'Poka05 Process Start FROM ST. 16','2026-02-22 12:48:42','2026-02-22 13:27:20','2026-02-22 13:27:20'),
('B7D9',16,6,1,'Poka06 Process Start FROM ST. 16','2026-02-22 12:48:42',NULL,'2026-02-22 12:48:42'),
('B7DB',16,8,1,'Poka08 Process Start FROM ST. 16','2026-02-22 13:27:20',NULL,'2026-02-22 13:27:20'),
('B154',3,1,1,'Poka01 Process Start FROM ST. 3','2026-02-22 13:45:43',NULL,'2026-02-22 13:45:43'),
('B155',3,2,1,'Poka02 Process Start FROM ST. 3','2026-02-22 13:45:43',NULL,'2026-02-22 13:45:43'),
('B156',3,3,1,'Poka03 Process Start FROM ST. 3','2026-02-22 13:45:43',NULL,'2026-02-22 13:45:43'),
('B157',3,4,1,'Poka04 Process Start FROM ST. 3','2026-02-22 13:45:43',NULL,'2026-02-22 13:45:43'),
('B7D4',16,1,1,'Poka01 Process Start FROM ST. 16','2026-02-22 13:45:43',NULL,'2026-02-22 13:45:43'),
('B7D5',16,2,1,'Poka02 Process Start FROM ST. 16','2026-02-22 13:45:43',NULL,'2026-02-22 13:45:43'),
('B7D6',16,3,1,'Poka03 Process Start FROM ST. 16','2026-02-22 13:45:43',NULL,'2026-02-22 13:45:43'),
('B7D9',16,6,1,'Poka06 Process Start FROM ST. 16','2026-02-22 13:45:43',NULL,'2026-02-22 13:45:43'),
('B7DB',16,8,1,'Poka08 Process Start FROM ST. 16','2026-02-22 13:45:43',NULL,'2026-02-22 13:45:43');

/*Table structure for table `plc_oee_delay_time_master` */

DROP TABLE IF EXISTS `plc_oee_delay_time_master`;

CREATE TABLE `plc_oee_delay_time_master` (
  `device` varchar(10) NOT NULL,
  `station_id` int(11) DEFAULT NULL,
  `plc_id` int(11) DEFAULT NULL,
  `value` tinyint(1) DEFAULT 0,
  `comment` varchar(255) DEFAULT NULL,
  `updated_at` datetime DEFAULT current_timestamp(),
  `start_time` datetime DEFAULT current_timestamp(),
  `end_time` datetime DEFAULT current_timestamp(),
  PRIMARY KEY (`device`)
) ENGINE=InnoDB DEFAULT CHARSET=utf8mb4 COLLATE=utf8mb4_general_ci;

/*Data for the table `plc_oee_delay_time_master` */

insert  into `plc_oee_delay_time_master`(`device`,`station_id`,`plc_id`,`value`,`comment`,`updated_at`,`start_time`,`end_time`) values 
('B100',1,3,0,'Motor Station 1 Overheat','2026-02-22 13:44:09',NULL,NULL),
('B154',3,1,1,'Poka01 Process Start FROM ST. 3','2026-02-22 13:45:43',NULL,NULL),
('B155',3,2,1,'Poka02 Process Start FROM ST. 3','2026-02-22 13:45:43',NULL,NULL),
('B156',3,3,1,'Poka03 Process Start FROM ST. 3','2026-02-22 13:45:43',NULL,NULL),
('B157',3,4,1,'Poka04 Process Start FROM ST. 3','2026-02-22 13:45:43',NULL,NULL),
('B158',3,5,0,'Poka05 Process Start FROM ST. 3','2026-02-22 13:44:09',NULL,NULL),
('B159',3,6,0,'Poka06 Process Start FROM ST. 3','2026-02-22 13:44:09',NULL,NULL),
('B15A',3,7,0,'Poka07 Process Start FROM ST. 3','2026-02-22 13:44:09',NULL,NULL),
('B15B',3,8,0,'Poka08 Process Start FROM ST. 3','2026-02-22 13:44:09',NULL,NULL),
('B15C',3,9,0,'Poka09 Process Start FROM ST. 3','2026-02-22 13:44:09',NULL,NULL),
('B15D',3,10,0,'Poka010 Process Start FROM ST. 3','2026-02-22 13:44:09',NULL,NULL),
('B15E',3,11,0,'Poka011 Process Start FROM ST. 3','2026-02-22 13:44:09',NULL,NULL),
('B15F',3,12,0,'Poka012 Process Start FROM ST. 3','2026-02-22 13:44:09',NULL,NULL),
('B160',3,13,0,'Poka013 Process Start FROM ST. 3','2026-02-22 13:44:09',NULL,NULL),
('B161',3,14,0,'Poka014 Process Start FROM ST. 3','2026-02-22 13:44:09',NULL,NULL),
('B162',3,15,0,'Poka015 Process Start FROM ST. 3','2026-02-22 13:44:09',NULL,NULL),
('B163',3,16,0,'Poka016 Process Start FROM ST. 3','2026-02-22 13:44:09',NULL,NULL),
('B5D4',12,1,0,'Poka01 Process Start FROM ST. 12','2026-02-22 13:44:09',NULL,NULL),
('B5D5',12,2,0,'Poka02 Process Start FROM ST. 12','2026-02-22 13:44:09',NULL,NULL),
('B5D6',12,3,0,'Poka03 Process Start FROM ST. 12','2026-02-22 13:44:09',NULL,NULL),
('B5D7',12,4,0,'Poka04 Process Start FROM ST. 12','2026-02-22 13:44:09',NULL,NULL),
('B5D8',12,5,0,'Poka05 Process Start FROM ST. 12','2026-02-22 13:44:09',NULL,NULL),
('B5D9',12,6,0,'Poka06 Process Start FROM ST. 12','2026-02-22 13:44:09',NULL,NULL),
('B5DA',12,7,0,'Poka07 Process Start FROM ST. 12','2026-02-22 13:44:09',NULL,NULL),
('B5DB',12,8,0,'Poka08 Process Start FROM ST. 12','2026-02-22 13:44:09',NULL,NULL),
('B5DC',12,9,0,'Poka09 Process Start FROM ST. 12','2026-02-22 13:44:09',NULL,NULL),
('B5DD',12,10,0,'Poka010 Process Start FROM ST. 12','2026-02-22 13:44:09',NULL,NULL),
('B5DE',12,11,0,'Poka011 Process Start FROM ST. 12','2026-02-22 13:44:09',NULL,NULL),
('B5DF',12,12,0,'Poka012 Process Start FROM ST. 12','2026-02-22 13:44:09',NULL,NULL),
('B5E0',12,13,0,'Poka013 Process Start FROM ST. 12','2026-02-22 13:44:09',NULL,NULL),
('B5E1',12,14,0,'Poka014 Process Start FROM ST. 12','2026-02-22 13:44:09',NULL,NULL),
('B5E2',12,15,0,'Poka015 Process Start FROM ST. 12','2026-02-22 13:44:09',NULL,NULL),
('B5E3',12,16,0,'Poka016 Process Start FROM ST. 12','2026-02-22 13:44:09',NULL,NULL),
('B7D4',16,1,1,'Poka01 Process Start FROM ST. 16','2026-02-22 13:45:43',NULL,NULL),
('B7D5',16,2,1,'Poka02 Process Start FROM ST. 16','2026-02-22 13:45:43',NULL,NULL),
('B7D6',16,3,1,'Poka03 Process Start FROM ST. 16','2026-02-22 13:45:43',NULL,NULL),
('B7D7',16,4,0,'Poka04 Process Start FROM ST. 16','2026-02-22 13:44:09',NULL,NULL),
('B7D8',16,5,0,'Poka05 Process Start FROM ST. 16','2026-02-22 13:44:09',NULL,NULL),
('B7D9',16,6,1,'Poka06 Process Start FROM ST. 16','2026-02-22 13:45:43',NULL,NULL),
('B7DA',16,7,0,'Poka07 Process Start FROM ST. 16','2026-02-22 13:44:09',NULL,NULL),
('B7DB',16,8,1,'Poka08 Process Start FROM ST. 16','2026-02-22 13:45:43',NULL,NULL),
('B7DC',16,9,0,'Poka09 Process Start FROM ST. 16','2026-02-22 13:44:09',NULL,NULL),
('B7DD',16,10,0,'Poka010 Process Start FROM ST. 16','2026-02-22 13:44:09',NULL,NULL),
('B7DE',16,11,0,'Poka011 Process Start FROM ST. 16','2026-02-22 13:44:09',NULL,NULL),
('B7DF',16,12,0,'Poka012 Process Start FROM ST. 16','2026-02-22 13:44:09',NULL,NULL),
('B7E0',16,13,0,'Poka013 Process Start FROM ST. 16','2026-02-22 13:44:09',NULL,NULL),
('B7E1',16,14,0,'Poka014 Process Start FROM ST. 16','2026-02-22 13:44:09',NULL,NULL),
('B7E2',16,15,0,'Poka015 Process Start FROM ST. 16','2026-02-22 13:44:09',NULL,NULL),
('B7E3',16,16,0,'Poka016 Process Start FROM ST. 16','2026-02-22 13:44:09',NULL,NULL);

/*Table structure for table `plc_oee_fault_activities` */

DROP TABLE IF EXISTS `plc_oee_fault_activities`;

CREATE TABLE `plc_oee_fault_activities` (
  `device` varchar(5) DEFAULT NULL,
  `value` int(11) DEFAULT NULL,
  `plc_id` int(11) DEFAULT NULL,
  `comment` varchar(100) DEFAULT NULL,
  `start_time` datetime DEFAULT current_timestamp(),
  `endtime` datetime DEFAULT NULL,
  `update_at` timestamp NOT NULL DEFAULT current_timestamp()
) ENGINE=InnoDB DEFAULT CHARSET=utf8mb4 COLLATE=utf8mb4_general_ci;

/*Data for the table `plc_oee_fault_activities` */

insert  into `plc_oee_fault_activities`(`device`,`value`,`plc_id`,`comment`,`start_time`,`endtime`,`update_at`) values 
('B180',1,4,'SENSOR NON AKTIF FROM ST. 4','2026-02-22 12:48:42',NULL,'2026-02-22 12:48:42'),
('B457',1,9,'M1097:ROPE SWITCH TEMPORARY STOP FROM ST. 9','2026-02-22 12:48:42',NULL,'2026-02-22 12:48:42'),
('B701',1,15,'EMRGNCY FAULT FROM ST. 15','2026-02-22 12:57:27','2026-02-22 13:27:20','2026-02-22 13:27:20'),
('B180',1,4,'SENSOR NON AKTIF FROM ST. 4','2026-02-22 13:45:43',NULL,'2026-02-22 13:45:43'),
('B457',1,9,'M1097:ROPE SWITCH TEMPORARY STOP FROM ST. 9','2026-02-22 13:45:43',NULL,'2026-02-22 13:45:43');

/*Table structure for table `plc_oee_fault_master` */

DROP TABLE IF EXISTS `plc_oee_fault_master`;

CREATE TABLE `plc_oee_fault_master` (
  `device` varchar(10) NOT NULL,
  `plc_id` int(11) DEFAULT NULL,
  `value` tinyint(1) DEFAULT NULL,
  `comment` varchar(255) DEFAULT NULL,
  `updated_at` datetime DEFAULT current_timestamp(),
  `start_time` datetime DEFAULT NULL,
  `end_time` datetime DEFAULT NULL,
  PRIMARY KEY (`device`)
) ENGINE=InnoDB DEFAULT CHARSET=utf8mb4 COLLATE=utf8mb4_general_ci;

/*Data for the table `plc_oee_fault_master` */

insert  into `plc_oee_fault_master`(`device`,`plc_id`,`value`,`comment`,`updated_at`,`start_time`,`end_time`) values 
('B0',1,0,'FROM ST. 1','2026-02-22 13:44:09',NULL,NULL),
('B1',1,0,'EMERGENCY STOP(OP BOX) FROM ST. 1','2026-02-22 13:44:09',NULL,NULL),
('B10',1,0,'PB ADHESION ABNORMALITY DURING STARTUP FROM ST. 1','2026-02-22 13:44:09',NULL,NULL),
('B100',3,0,'Synthesis Error FROM ST. 3','2026-02-22 13:44:09',NULL,NULL),
('B101',3,0,'PLC Error FROM ST. 3','2026-02-22 13:44:09',NULL,NULL),
('B102',3,0,'PLC Battery Low FROM ST. 3','2026-02-22 13:44:09',NULL,NULL),
('B103',3,0,'PLC FUSEBreak FROM ST. 3','2026-02-22 13:44:09',NULL,NULL),
('B104',3,0,'Poka01 PertinentNot DataError FROM ST. 3','2026-02-22 13:44:09',NULL,NULL),
('B105',3,0,'Poka02 PertinentNot DataError FROM ST. 3','2026-02-22 13:44:09',NULL,NULL),
('B106',3,0,'Poka03 PertinentNot DataError FROM ST. 3','2026-02-22 13:44:09',NULL,NULL),
('B107',3,0,'Poka04 PertinentNot DataError FROM ST. 3','2026-02-22 13:44:09',NULL,NULL),
('B108',3,0,'Poka05 PertinentNot DataError FROM ST. 3','2026-02-22 13:44:09',NULL,NULL),
('B109',3,0,'Poka06 PertinentNot DataError FROM ST. 3','2026-02-22 13:44:09',NULL,NULL),
('B10A',3,0,'Poka07 PertinentNot DataError FROM ST. 3','2026-02-22 13:44:09',NULL,NULL),
('B10B',3,0,'Poka08 PertinentNot DataError FROM ST. 3','2026-02-22 13:44:09',NULL,NULL),
('B10C',3,0,'Poka09 PertinentNot DataError FROM ST. 3','2026-02-22 13:44:09',NULL,NULL),
('B10D',3,0,'Poka10 PertinentNot DataError FROM ST. 3','2026-02-22 13:44:09',NULL,NULL),
('B10E',3,0,'Poka11 PertinentNot DataError FROM ST. 3','2026-02-22 13:44:09',NULL,NULL),
('B10F',3,0,'Poka12 PertinentNot DataError FROM ST. 3','2026-02-22 13:44:09',NULL,NULL),
('B11',1,0,'FROM ST. 1','2026-02-22 13:44:09',NULL,NULL),
('B110',3,0,'Poka13 PertinentNot DataError FROM ST. 3','2026-02-22 13:44:09',NULL,NULL),
('B111',3,0,'Poka14 PertinentNot DataError FROM ST. 3','2026-02-22 13:44:09',NULL,NULL),
('B112',3,0,'Poka15 PertinentNot DataError FROM ST. 3','2026-02-22 13:44:09',NULL,NULL),
('B113',3,0,'Poka16 PertinentNot DataError FROM ST. 3','2026-02-22 13:44:09',NULL,NULL),
('B114',3,0,'Poka01 Picking MISS@ Error FROM ST. 3','2026-02-22 13:44:09',NULL,NULL),
('B115',3,0,'Poka02 Picking MISS@ Error FROM ST. 3','2026-02-22 13:44:09',NULL,NULL),
('B116',3,0,'Poka03 Picking MISS@ Error FROM ST. 3','2026-02-22 13:44:09',NULL,NULL),
('B117',3,0,'Poka04 Picking MISS@ Error FROM ST. 3','2026-02-22 13:44:09',NULL,NULL),
('B118',3,0,'Poka05 Picking MISS@ Error FROM ST. 3','2026-02-22 13:44:09',NULL,NULL),
('B119',3,0,'Poka06 Picking MISS@ Error FROM ST. 3','2026-02-22 13:44:09',NULL,NULL),
('B11A',3,0,'Poka07 Picking MISS@ Error FROM ST. 3','2026-02-22 13:44:09',NULL,NULL),
('B11B',3,0,'Poka08 Picking MISS@ Error FROM ST. 3','2026-02-22 13:44:09',NULL,NULL),
('B11C',3,0,'Poka09 Picking MISS@ Error FROM ST. 3','2026-02-22 13:44:09',NULL,NULL),
('B11D',3,0,'Poka10 Picking MISS@ Error FROM ST. 3','2026-02-22 13:44:09',NULL,NULL),
('B11E',3,0,'Poka11 Picking MISS@ Error FROM ST. 3','2026-02-22 13:44:09',NULL,NULL),
('B11F',3,0,'Poka12 Picking MISS@ Error FROM ST. 3','2026-02-22 13:44:09',NULL,NULL),
('B12',1,0,'FROM ST. 1','2026-02-22 13:44:09',NULL,NULL),
('B120',3,0,'Poka13 Picking MISS@ Error FROM ST. 3','2026-02-22 13:44:09',NULL,NULL),
('B121',3,0,'Poka14 Picking MISS@ Error FROM ST. 3','2026-02-22 13:44:09',NULL,NULL),
('B122',3,0,'Poka15 Picking MISS@ Error FROM ST. 3','2026-02-22 13:44:09',NULL,NULL),
('B123',3,0,'Poka16 Picking MISS@ Error FROM ST. 3','2026-02-22 13:44:09',NULL,NULL),
('B124',3,0,'Poka01 Process Unfinished Error FROM ST. 3','2026-02-22 13:44:09',NULL,NULL),
('B125',3,0,'Poka02 Process Unfinished Error FROM ST. 3','2026-02-22 13:44:09',NULL,NULL),
('B126',3,0,'Poka03 Process Unfinished Error FROM ST. 3','2026-02-22 13:44:09',NULL,NULL),
('B127',3,0,'Poka04 Process Unfinished Error FROM ST. 3','2026-02-22 13:44:09',NULL,NULL),
('B128',3,0,'Poka05 Process Unfinished Error FROM ST. 3','2026-02-22 13:44:09',NULL,NULL),
('B129',3,0,'Poka06 Process Unfinished Error FROM ST. 3','2026-02-22 13:44:09',NULL,NULL),
('B12A',3,0,'Poka07 Process Unfinished Error FROM ST. 3','2026-02-22 13:44:09',NULL,NULL),
('B12B',3,0,'Poka08 Process Unfinished Error FROM ST. 3','2026-02-22 13:44:09',NULL,NULL),
('B12C',3,0,'Poka09 Process Unfinished Error FROM ST. 3','2026-02-22 13:44:09',NULL,NULL),
('B12D',3,0,'Poka10 Process Unfinished Error FROM ST. 3','2026-02-22 13:44:09',NULL,NULL),
('B12E',3,0,'Poka11 Process Unfinished Error FROM ST. 3','2026-02-22 13:44:09',NULL,NULL),
('B12F',3,0,'Poka12 Process Unfinished Error FROM ST. 3','2026-02-22 13:44:09',NULL,NULL),
('B13',1,0,'FROM ST. 1','2026-02-22 13:44:09',NULL,NULL),
('B130',3,0,'Poka13 Process Unfinished Error FROM ST. 3','2026-02-22 13:44:09',NULL,NULL),
('B131',3,0,'Poka14 Process Unfinished Error FROM ST. 3','2026-02-22 13:44:09',NULL,NULL),
('B132',3,0,'Poka15 Process Unfinished Error FROM ST. 3','2026-02-22 13:44:09',NULL,NULL),
('B133',3,0,'Poka16 Process Unfinished Error FROM ST. 3','2026-02-22 13:44:09',NULL,NULL),
('B134',3,0,'Poka01 Process Delay Stop FROM ST. 3','2026-02-22 13:44:09',NULL,NULL),
('B135',3,0,'Poka02 Process Delay Stop FROM ST. 3','2026-02-22 13:44:09',NULL,NULL),
('B136',3,0,'Poka03 Process Delay Stop FROM ST. 3','2026-02-22 13:44:09',NULL,NULL),
('B137',3,0,'Poka04 Process Delay Stop FROM ST. 3','2026-02-22 13:44:09',NULL,NULL),
('B138',3,0,'Poka05 Process Delay Stop FROM ST. 3','2026-02-22 13:44:09',NULL,NULL),
('B139',3,0,'Poka06 Process Delay Stop FROM ST. 3','2026-02-22 13:44:09',NULL,NULL),
('B13A',3,0,'Poka07 Process Delay Stop FROM ST. 3','2026-02-22 13:44:09',NULL,NULL),
('B13B',3,0,'Poka08 Process Delay Stop FROM ST. 3','2026-02-22 13:44:09',NULL,NULL),
('B13C',3,0,'Poka09 Process Delay Stop FROM ST. 3','2026-02-22 13:44:09',NULL,NULL),
('B13D',3,0,'Poka10 Process Delay Stop FROM ST. 3','2026-02-22 13:44:09',NULL,NULL),
('B13E',3,0,'Poka11 Process Delay Stop FROM ST. 3','2026-02-22 13:44:09',NULL,NULL),
('B13F',3,0,'Poka12 Process Delay Stop FROM ST. 3','2026-02-22 13:44:09',NULL,NULL),
('B14',1,0,'FROM ST. 1','2026-02-22 13:44:09',NULL,NULL),
('B140',3,0,'Poka13 Process Delay Stop FROM ST. 3','2026-02-22 13:44:09',NULL,NULL),
('B141',3,0,'Poka14 Process Delay Stop FROM ST. 3','2026-02-22 13:44:09',NULL,NULL),
('B142',3,0,'Poka15 Process Delay Stop FROM ST. 3','2026-02-22 13:44:09',NULL,NULL),
('B143',3,0,'Poka16 Process Delay Stop FROM ST. 3','2026-02-22 13:44:09',NULL,NULL),
('B144',3,0,'Poka01 Data Reception Delay Stop FROM ST. 3','2026-02-22 13:44:09',NULL,NULL),
('B145',3,0,'Poka02 Data Reception Delay Stop FROM ST. 3','2026-02-22 13:44:09',NULL,NULL),
('B146',3,0,'Poka03 Data Reception Delay Stop FROM ST. 3','2026-02-22 13:44:09',NULL,NULL),
('B147',3,0,'Poka04 Data Reception Delay Stop FROM ST. 3','2026-02-22 13:44:09',NULL,NULL),
('B148',3,0,'Poka05 Data Reception Delay Stop FROM ST. 3','2026-02-22 13:44:09',NULL,NULL),
('B149',3,0,'Poka06 Data Reception Delay Stop FROM ST. 3','2026-02-22 13:44:09',NULL,NULL),
('B14A',3,0,'Poka07 Data Reception Delay Stop FROM ST. 3','2026-02-22 13:44:09',NULL,NULL),
('B14B',3,0,'Poka08 Data Reception Delay Stop FROM ST. 3','2026-02-22 13:44:09',NULL,NULL),
('B14C',3,0,'Poka09 Data Reception Delay Stop FROM ST. 3','2026-02-22 13:44:09',NULL,NULL),
('B14D',3,0,'Poka10 Data Reception Delay Stop FROM ST. 3','2026-02-22 13:44:09',NULL,NULL),
('B14E',3,0,'Poka11 Data Reception Delay Stop FROM ST. 3','2026-02-22 13:44:09',NULL,NULL),
('B14F',3,0,'Poka12 Data Reception Delay Stop FROM ST. 3','2026-02-22 13:44:09',NULL,NULL),
('B15',1,0,'CLAMP1 LS FAULT FROM ST. 1','2026-02-22 13:44:09',NULL,NULL),
('B150',3,0,'Poka13 Data Reception Delay Stop FROM ST. 3','2026-02-22 13:44:09',NULL,NULL),
('B151',3,0,'Poka14 Data Reception Delay Stop FROM ST. 3','2026-02-22 13:44:09',NULL,NULL),
('B152',3,0,'Poka15 Data Reception Delay Stop FROM ST. 3','2026-02-22 13:44:09',NULL,NULL),
('B153',3,0,'Poka16 Data Reception Delay Stop FROM ST. 3','2026-02-22 13:44:09',NULL,NULL),
('B16',1,0,'CLAMP2 LS FAULT FROM ST. 1','2026-02-22 13:44:09',NULL,NULL),
('B164',3,0,'FROM ST. 3','2026-02-22 13:44:09',NULL,NULL),
('B165',3,0,'FROM ST. 3','2026-02-22 13:44:09',NULL,NULL),
('B166',3,0,'FROM ST. 3','2026-02-22 13:44:09',NULL,NULL),
('B167',3,0,'FROM ST. 3','2026-02-22 13:44:09',NULL,NULL),
('B168',3,0,'FROM ST. 3','2026-02-22 13:44:09',NULL,NULL),
('B169',3,0,'FROM ST. 3','2026-02-22 13:44:09',NULL,NULL),
('B16A',3,0,'FROM ST. 3','2026-02-22 13:44:09',NULL,NULL),
('B16B',3,0,'FROM ST. 3','2026-02-22 13:44:09',NULL,NULL),
('B16C',3,0,'FROM ST. 3','2026-02-22 13:44:09',NULL,NULL),
('B16D',3,0,'FROM ST. 3','2026-02-22 13:44:09',NULL,NULL),
('B16E',3,0,'FROM ST. 3','2026-02-22 13:44:09',NULL,NULL),
('B16F',3,0,'FROM ST. 3','2026-02-22 13:44:09',NULL,NULL),
('B17',1,0,'YHA LIFTER SHIFT1 LS FAULT FROM ST. 1','2026-02-22 13:44:09',NULL,NULL),
('B170',3,0,'FROM ST. 3','2026-02-22 13:44:09',NULL,NULL),
('B171',3,0,'FROM ST. 3','2026-02-22 13:44:09',NULL,NULL),
('B172',3,0,'FROM ST. 3','2026-02-22 13:44:09',NULL,NULL),
('B173',3,0,'FROM ST. 3','2026-02-22 13:44:09',NULL,NULL),
('B174',3,0,'FROM ST. 3','2026-02-22 13:44:09',NULL,NULL),
('B175',3,0,'FROM ST. 3','2026-02-22 13:44:09',NULL,NULL),
('B176',3,0,'FROM ST. 3','2026-02-22 13:44:09',NULL,NULL),
('B177',3,0,'FROM ST. 3','2026-02-22 13:44:09',NULL,NULL),
('B178',3,0,'FROM ST. 3','2026-02-22 13:44:09',NULL,NULL),
('B179',3,0,'FROM ST. 3','2026-02-22 13:44:09',NULL,NULL),
('B17A',3,0,'FROM ST. 3','2026-02-22 13:44:09',NULL,NULL),
('B17B',3,0,'FROM ST. 3','2026-02-22 13:44:09',NULL,NULL),
('B17C',3,0,'FROM ST. 3','2026-02-22 13:44:09',NULL,NULL),
('B17D',3,0,'FROM ST. 3','2026-02-22 13:44:09',NULL,NULL),
('B17E',3,0,'FROM ST. 3','2026-02-22 13:44:09',NULL,NULL),
('B17F',3,0,'FROM ST. 3','2026-02-22 13:44:09',NULL,NULL),
('B18',1,0,'YHA LIFTER SHIFT2 LS FAULT FROM ST. 1','2026-02-22 13:44:09',NULL,NULL),
('B180',4,1,'SENSOR NON AKTIF FROM ST. 4','2026-02-22 13:45:43',NULL,NULL),
('B181',4,0,'FROM ST. 4','2026-02-22 13:44:09',NULL,NULL),
('B182',4,0,'FROM ST. 4','2026-02-22 13:44:09',NULL,NULL),
('B183',4,0,'FROM ST. 4','2026-02-22 13:44:09',NULL,NULL),
('B184',4,0,'FROM ST. 4','2026-02-22 13:44:09',NULL,NULL),
('B185',4,0,'FROM ST. 4','2026-02-22 13:44:09',NULL,NULL),
('B186',4,0,'FROM ST. 4','2026-02-22 13:44:09',NULL,NULL),
('B187',4,0,'FROM ST. 4','2026-02-22 13:44:09',NULL,NULL),
('B188',4,0,'FROM ST. 4','2026-02-22 13:44:09',NULL,NULL),
('B189',4,0,'FROM ST. 4','2026-02-22 13:44:09',NULL,NULL),
('B18A',4,0,'SENSOR LASER ERROR FROM ST. 4','2026-02-22 13:44:09',NULL,NULL),
('B18B',4,0,'SENSOR RET ERROR FROM ST. 4','2026-02-22 13:44:09',NULL,NULL),
('B18C',4,0,'SENSOR RET ERROR FROM ST. 4','2026-02-22 13:44:09',NULL,NULL),
('B18D',4,0,'SCANNER R FROM ST. 4','2026-02-22 13:44:09',NULL,NULL),
('B18E',4,0,'SCANNER L FROM ST. 4','2026-02-22 13:44:09',NULL,NULL),
('B18F',4,0,'ERROR SENSOR SOL FROM ST. 4','2026-02-22 13:44:09',NULL,NULL),
('B19',1,0,'YHA RISER SHIFT LS FAUKT FROM ST. 1','2026-02-22 13:44:09',NULL,NULL),
('B190',4,0,'FROM ST. 4','2026-02-22 13:44:09',NULL,NULL),
('B191',4,0,'FROM ST. 4','2026-02-22 13:44:09',NULL,NULL),
('B192',4,0,'FROM ST. 4','2026-02-22 13:44:09',NULL,NULL),
('B193',4,0,'FROM ST. 4','2026-02-22 13:44:09',NULL,NULL),
('B194',4,0,'SENSOR ADV ERROR FROM ST. 4','2026-02-22 13:44:09',NULL,NULL),
('B195',4,0,'FROM ST. 4','2026-02-22 13:44:09',NULL,NULL),
('B196',4,0,'FROM ST. 4','2026-02-22 13:44:09',NULL,NULL),
('B197',4,0,'FROM ST. 4','2026-02-22 13:44:09',NULL,NULL),
('B198',4,0,'FROM ST. 4','2026-02-22 13:44:09',NULL,NULL),
('B199',4,0,'FROM ST. 4','2026-02-22 13:44:09',NULL,NULL),
('B19A',4,0,'FROM ST. 4','2026-02-22 13:44:09',NULL,NULL),
('B19B',4,0,'FROM ST. 4','2026-02-22 13:44:09',NULL,NULL),
('B19C',4,0,'FROM ST. 4','2026-02-22 13:44:09',NULL,NULL),
('B19D',4,0,'FROM ST. 4','2026-02-22 13:44:09',NULL,NULL),
('B19E',4,0,'SENSOR RET ERROR FROM ST. 4','2026-02-22 13:44:09',NULL,NULL),
('B19F',4,0,'M5031: MOTOR OVERLOAD RAW WATER1 FROM ST. 4','2026-02-22 13:44:09',NULL,NULL),
('B1A',1,0,'YL8 SHIFT LS FAULT FROM ST. 1','2026-02-22 13:44:09',NULL,NULL),
('B1A0',4,0,'M5032: MOTOR OVERLOAD RAW WATER2 FROM ST. 4','2026-02-22 13:44:09',NULL,NULL),
('B1A1',4,0,'M5033: MOTOR OVERLOAD INDUSTRIAL WATER1 FROM ST. 4','2026-02-22 13:44:09',NULL,NULL),
('B1A2',4,0,'M5034: MOTOR OVERLOAD INDUSTRIAL WATER2 FROM ST. 4','2026-02-22 13:44:09',NULL,NULL),
('B1A3',4,0,'M5035: MOTOR OVERLOAD PUMP6 FROM ST. 4','2026-02-22 13:44:09',NULL,NULL),
('B1A4',4,0,'M5036: MOTOR OVERLOAD DEMIN WATER1 FROM ST. 4','2026-02-22 13:44:09',NULL,NULL),
('B1A5',4,0,'M5037: MOTOR OVERLOAD DEMIN WATER2 FROM ST. 4','2026-02-22 13:44:09',NULL,NULL),
('B1A6',4,0,'M5038: MOTOR OVERLOAD FILTER WATER1 FROM ST. 4','2026-02-22 13:44:09',NULL,NULL),
('B1A7',4,0,'M5039: MOTOR OVERLOAD FILTER WATER2 FROM ST. 4','2026-02-22 13:44:09',NULL,NULL),
('B1A8',4,0,'M5040: MOTOR OVERLOAD DEGATIFIER WATER1 FROM ST. 4','2026-02-22 13:44:09',NULL,NULL),
('B1A9',4,0,'M5041: MOTOR OVERLOAD DEGATIFIER WATER2 FROM ST. 4','2026-02-22 13:44:09',NULL,NULL),
('B1AA',4,0,'M5042: MOTOR OVERLOAD BLOWER1 FROM ST. 4','2026-02-22 13:44:09',NULL,NULL),
('B1AB',4,0,'M5043: MOTOR OVERLOAD BLOWER2 FROM ST. 4','2026-02-22 13:44:09',NULL,NULL),
('B1AC',4,0,'M5044: MOTOR OVERLOAD HCL PUMP1 FROM ST. 4','2026-02-22 13:44:09',NULL,NULL),
('B1AD',4,0,'M5045: MOTOR OVERLOAD HCL PUMP2 FROM ST. 4','2026-02-22 13:44:09',NULL,NULL),
('B1AE',4,0,'M5046: MOTOR OVERLOAD PUMP17 FROM ST. 4','2026-02-22 13:44:09',NULL,NULL),
('B1AF',4,0,'M5047: MOTOR OVERLOAD NaOH PUMP1 FROM ST. 4','2026-02-22 13:44:09',NULL,NULL),
('B1B',1,0,'YHA NORMAL SHIFT LS FAULT FROM ST. 1','2026-02-22 13:44:09',NULL,NULL),
('B1B0',4,0,'M5048: MOTOR OVERLOAD NaOH PUMP2 FROM ST. 4','2026-02-22 13:44:09',NULL,NULL),
('B1B1',4,0,'M5049: MOTOR OVERLOAD MIXER NaOH FROM ST. 4','2026-02-22 13:44:09',NULL,NULL),
('B1B2',4,0,'M5050: MOTOR OVERLOAD PUMP21 FROM ST. 4','2026-02-22 13:44:09',NULL,NULL),
('B1B3',4,0,'M5051: MOTOR OVERLOAD PUMP22 FROM ST. 4','2026-02-22 13:44:09',NULL,NULL),
('B1B4',4,0,'M5052: MOTOR OVERLOAD PUMP23 FROM ST. 4','2026-02-22 13:44:09',NULL,NULL),
('B1B5',4,0,'M5053: MOTOR OVERLOAD PUMP24 FROM ST. 4','2026-02-22 13:44:09',NULL,NULL),
('B1B6',4,0,'FROM ST. 4','2026-02-22 13:44:09',NULL,NULL),
('B1B7',4,0,'FROM ST. 4','2026-02-22 13:44:09',NULL,NULL),
('B1B8',4,0,'FROM ST. 4','2026-02-22 13:44:09',NULL,NULL),
('B1B9',4,0,'FROM ST. 4','2026-02-22 13:44:09',NULL,NULL),
('B1BA',4,0,'FROM ST. 4','2026-02-22 13:44:09',NULL,NULL),
('B1BB',4,0,'FROM ST. 4','2026-02-22 13:44:09',NULL,NULL),
('B1BC',4,0,'FROM ST. 4','2026-02-22 13:44:09',NULL,NULL),
('B1BD',4,0,'FROM ST. 4','2026-02-22 13:44:09',NULL,NULL),
('B1BE',4,0,'FROM ST. 4','2026-02-22 13:44:09',NULL,NULL),
('B1BF',4,0,'FROM ST. 4','2026-02-22 13:44:09',NULL,NULL),
('B1C',1,0,'YHA LIFTER CHECK SHIFT LS FAULT FROM ST. 1','2026-02-22 13:44:09',NULL,NULL),
('B1C0',4,0,'FROM ST. 4','2026-02-22 13:44:09',NULL,NULL),
('B1C1',4,0,'FROM ST. 4','2026-02-22 13:44:09',NULL,NULL),
('B1C2',4,0,'FROM ST. 4','2026-02-22 13:44:09',NULL,NULL),
('B1C3',4,0,'FROM ST. 4','2026-02-22 13:44:09',NULL,NULL),
('B1C4',4,0,'FROM ST. 4','2026-02-22 13:44:09',NULL,NULL),
('B1C5',4,0,'FROM ST. 4','2026-02-22 13:44:09',NULL,NULL),
('B1C6',4,0,'FROM ST. 4','2026-02-22 13:44:09',NULL,NULL),
('B1C7',4,0,'FROM ST. 4','2026-02-22 13:44:09',NULL,NULL),
('B1C8',4,0,'FROM ST. 4','2026-02-22 13:44:09',NULL,NULL),
('B1C9',4,0,'FROM ST. 4','2026-02-22 13:44:09',NULL,NULL),
('B1CA',4,0,'FROM ST. 4','2026-02-22 13:44:09',NULL,NULL),
('B1CB',4,0,'FROM ST. 4','2026-02-22 13:44:09',NULL,NULL),
('B1CC',4,0,'FROM ST. 4','2026-02-22 13:44:09',NULL,NULL),
('B1CD',4,0,'FROM ST. 4','2026-02-22 13:44:09',NULL,NULL),
('B1CE',4,0,'FROM ST. 4','2026-02-22 13:44:09',NULL,NULL),
('B1CF',4,0,'FROM ST. 4','2026-02-22 13:44:09',NULL,NULL),
('B1D',1,0,'YL8 LIFTER CHECK SHIFT LS FAULT FROM ST. 1','2026-02-22 13:44:09',NULL,NULL),
('B1D0',4,0,'FROM ST. 4','2026-02-22 13:44:09',NULL,NULL),
('B1D1',4,0,'FROM ST. 4','2026-02-22 13:44:09',NULL,NULL),
('B1D2',4,0,'FROM ST. 4','2026-02-22 13:44:09',NULL,NULL),
('B1D3',4,0,'FROM ST. 4','2026-02-22 13:44:09',NULL,NULL),
('B1D4',4,0,'FROM ST. 4','2026-02-22 13:44:09',NULL,NULL),
('B1D5',4,0,'FROM ST. 4','2026-02-22 13:44:09',NULL,NULL),
('B1D6',4,0,'FROM ST. 4','2026-02-22 13:44:09',NULL,NULL),
('B1D7',4,0,'FROM ST. 4','2026-02-22 13:44:09',NULL,NULL),
('B1D8',4,0,'FROM ST. 4','2026-02-22 13:44:09',NULL,NULL),
('B1D9',4,0,'FROM ST. 4','2026-02-22 13:44:09',NULL,NULL),
('B1DA',4,0,'FROM ST. 4','2026-02-22 13:44:09',NULL,NULL),
('B1DB',4,0,'FROM ST. 4','2026-02-22 13:44:09',NULL,NULL),
('B1DC',4,0,'FROM ST. 4','2026-02-22 13:44:09',NULL,NULL),
('B1DD',4,0,'FROM ST. 4','2026-02-22 13:44:09',NULL,NULL),
('B1DE',4,0,'FROM ST. 4','2026-02-22 13:44:09',NULL,NULL),
('B1DF',4,0,'FROM ST. 4','2026-02-22 13:44:09',NULL,NULL),
('B1E',1,0,'TYPE CHANGE LS FAULT FROM ST. 1','2026-02-22 13:44:09',NULL,NULL),
('B1E0',4,0,'FROM ST. 4','2026-02-22 13:44:09',NULL,NULL),
('B1E1',4,0,'FROM ST. 4','2026-02-22 13:44:09',NULL,NULL),
('B1E2',4,0,'FROM ST. 4','2026-02-22 13:44:09',NULL,NULL),
('B1E3',4,0,'FROM ST. 4','2026-02-22 13:44:09',NULL,NULL),
('B1E4',4,0,'FROM ST. 4','2026-02-22 13:44:09',NULL,NULL),
('B1E5',4,0,'FROM ST. 4','2026-02-22 13:44:09',NULL,NULL),
('B1E6',4,0,'FROM ST. 4','2026-02-22 13:44:09',NULL,NULL),
('B1E7',4,0,'FROM ST. 4','2026-02-22 13:44:09',NULL,NULL),
('B1E8',4,0,'FROM ST. 4','2026-02-22 13:44:09',NULL,NULL),
('B1E9',4,0,'FROM ST. 4','2026-02-22 13:44:09',NULL,NULL),
('B1EA',4,0,'FROM ST. 4','2026-02-22 13:44:09',NULL,NULL),
('B1EB',4,0,'FROM ST. 4','2026-02-22 13:44:09',NULL,NULL),
('B1EC',4,0,'FROM ST. 4','2026-02-22 13:44:09',NULL,NULL),
('B1ED',4,0,'FROM ST. 4','2026-02-22 13:44:09',NULL,NULL),
('B1EE',4,0,'FROM ST. 4','2026-02-22 13:44:09',NULL,NULL),
('B1EF',4,0,'FROM ST. 4','2026-02-22 13:44:09',NULL,NULL),
('B1F',1,0,'FROM ST. 1','2026-02-22 13:44:09',NULL,NULL),
('B1F0',4,0,'FROM ST. 4','2026-02-22 13:44:09',NULL,NULL),
('B1F1',4,0,'FROM ST. 4','2026-02-22 13:44:09',NULL,NULL),
('B1F2',4,0,'FROM ST. 4','2026-02-22 13:44:09',NULL,NULL),
('B1F3',4,0,'FROM ST. 4','2026-02-22 13:44:09',NULL,NULL),
('B1F4',4,0,'FROM ST. 4','2026-02-22 13:44:09',NULL,NULL),
('B1F5',4,0,'FROM ST. 4','2026-02-22 13:44:09',NULL,NULL),
('B1F6',4,0,'FROM ST. 4','2026-02-22 13:44:09',NULL,NULL),
('B1F7',4,0,'FROM ST. 4','2026-02-22 13:44:09',NULL,NULL),
('B1F8',4,0,'FROM ST. 4','2026-02-22 13:44:09',NULL,NULL),
('B1F9',4,0,'FROM ST. 4','2026-02-22 13:44:09',NULL,NULL),
('B1FA',4,0,'FROM ST. 4','2026-02-22 13:44:09',NULL,NULL),
('B1FB',4,0,'FROM ST. 4','2026-02-22 13:44:09',NULL,NULL),
('B1FC',4,0,'FROM ST. 4','2026-02-22 13:44:09',NULL,NULL),
('B1FD',4,0,'FROM ST. 4','2026-02-22 13:44:09',NULL,NULL),
('B1FE',4,0,'FROM ST. 4','2026-02-22 13:44:09',NULL,NULL),
('B1FF',4,0,'FROM ST. 4','2026-02-22 13:44:09',NULL,NULL),
('B2',1,0,'EMERGENCY STOP(ST BOX) FROM ST. 1','2026-02-22 13:44:09',NULL,NULL),
('B20',1,0,'FROM ST. 1','2026-02-22 13:44:09',NULL,NULL),
('B200',5,0,'SENSOR NON AKTIF FROM ST. 5','2026-02-22 13:44:09',NULL,NULL),
('B201',5,0,'EMG FROM ST. 5','2026-02-22 13:44:09',NULL,NULL),
('B202',5,0,'FROM ST. 5','2026-02-22 13:44:09',NULL,NULL),
('B203',5,0,'FROM ST. 5','2026-02-22 13:44:09',NULL,NULL),
('B204',5,0,'FROM ST. 5','2026-02-22 13:44:09',NULL,NULL),
('B205',5,0,'FROM ST. 5','2026-02-22 13:44:09',NULL,NULL),
('B206',5,0,'FROM ST. 5','2026-02-22 13:44:09',NULL,NULL),
('B207',5,0,'FROM ST. 5','2026-02-22 13:44:09',NULL,NULL),
('B208',5,0,'FROM ST. 5','2026-02-22 13:44:09',NULL,NULL),
('B209',5,0,'FROM ST. 5','2026-02-22 13:44:09',NULL,NULL),
('B20A',5,0,'SENSOR LASER ERROR FROM ST. 5','2026-02-22 13:44:09',NULL,NULL),
('B20B',5,0,'SENSOR RET ERROR FROM ST. 5','2026-02-22 13:44:09',NULL,NULL),
('B20C',5,0,'SENSOR RET ERROR FROM ST. 5','2026-02-22 13:44:09',NULL,NULL),
('B20D',5,0,'SCANNER R FROM ST. 5','2026-02-22 13:44:09',NULL,NULL),
('B20E',5,0,'SCANNER L FROM ST. 5','2026-02-22 13:44:09',NULL,NULL),
('B20F',5,0,'ERROR SENSOR SOL FROM ST. 5','2026-02-22 13:44:09',NULL,NULL),
('B21',1,0,'FROM ST. 1','2026-02-22 13:44:09',NULL,NULL),
('B210',5,0,'FROM ST. 5','2026-02-22 13:44:09',NULL,NULL),
('B211',5,0,'FROM ST. 5','2026-02-22 13:44:09',NULL,NULL),
('B212',5,0,'FROM ST. 5','2026-02-22 13:44:09',NULL,NULL),
('B213',5,0,'FROM ST. 5','2026-02-22 13:44:09',NULL,NULL),
('B214',5,0,'SENSOR ADV ERROR FROM ST. 5','2026-02-22 13:44:09',NULL,NULL),
('B215',5,0,'FROM ST. 5','2026-02-22 13:44:09',NULL,NULL),
('B216',5,0,'FROM ST. 5','2026-02-22 13:44:09',NULL,NULL),
('B217',5,0,'FROM ST. 5','2026-02-22 13:44:09',NULL,NULL),
('B218',5,0,'FROM ST. 5','2026-02-22 13:44:09',NULL,NULL),
('B219',5,0,'FROM ST. 5','2026-02-22 13:44:09',NULL,NULL),
('B21A',5,0,'FROM ST. 5','2026-02-22 13:44:09',NULL,NULL),
('B21B',5,0,'FROM ST. 5','2026-02-22 13:44:09',NULL,NULL),
('B21C',5,0,'FROM ST. 5','2026-02-22 13:44:09',NULL,NULL),
('B21D',5,0,'FROM ST. 5','2026-02-22 13:44:09',NULL,NULL),
('B21E',5,0,'SENSOR RET ERROR FROM ST. 5','2026-02-22 13:44:09',NULL,NULL),
('B21F',5,0,'M5031: MOTOR OVERLOAD RAW WATER1 FROM ST. 5','2026-02-22 13:44:09',NULL,NULL),
('B22',1,0,'FROM ST. 1','2026-02-22 13:44:09',NULL,NULL),
('B220',5,0,'M5032: MOTOR OVERLOAD RAW WATER2 FROM ST. 5','2026-02-22 13:44:09',NULL,NULL),
('B221',5,0,'M5033: MOTOR OVERLOAD INDUSTRIAL WATER1 FROM ST. 5','2026-02-22 13:44:09',NULL,NULL),
('B222',5,0,'M5034: MOTOR OVERLOAD INDUSTRIAL WATER2 FROM ST. 5','2026-02-22 13:44:09',NULL,NULL),
('B223',5,0,'M5035: MOTOR OVERLOAD PUMP6 FROM ST. 5','2026-02-22 13:44:09',NULL,NULL),
('B224',5,0,'M5036: MOTOR OVERLOAD DEMIN WATER1 FROM ST. 5','2026-02-22 13:44:09',NULL,NULL),
('B225',5,0,'M5037: MOTOR OVERLOAD DEMIN WATER2 FROM ST. 5','2026-02-22 13:44:09',NULL,NULL),
('B226',5,0,'M5038: MOTOR OVERLOAD FILTER WATER1 FROM ST. 5','2026-02-22 13:44:09',NULL,NULL),
('B227',5,0,'M5039: MOTOR OVERLOAD FILTER WATER2 FROM ST. 5','2026-02-22 13:44:09',NULL,NULL),
('B228',5,0,'M5040: MOTOR OVERLOAD DEGATIFIER WATER1 FROM ST. 5','2026-02-22 13:44:09',NULL,NULL),
('B229',5,0,'M5041: MOTOR OVERLOAD DEGATIFIER WATER2 FROM ST. 5','2026-02-22 13:44:09',NULL,NULL),
('B22A',5,0,'M5042: MOTOR OVERLOAD BLOWER1 FROM ST. 5','2026-02-22 13:44:09',NULL,NULL),
('B22B',5,0,'M5043: MOTOR OVERLOAD BLOWER2 FROM ST. 5','2026-02-22 13:44:09',NULL,NULL),
('B22C',5,0,'M5044: MOTOR OVERLOAD HCL PUMP1 FROM ST. 5','2026-02-22 13:44:09',NULL,NULL),
('B22D',5,0,'M5045: MOTOR OVERLOAD HCL PUMP2 FROM ST. 5','2026-02-22 13:44:09',NULL,NULL),
('B22E',5,0,'M5046: MOTOR OVERLOAD PUMP17 FROM ST. 5','2026-02-22 13:44:09',NULL,NULL),
('B22F',5,0,'M5047: MOTOR OVERLOAD NaOH PUMP1 FROM ST. 5','2026-02-22 13:44:09',NULL,NULL),
('B23',1,0,'FROM ST. 1','2026-02-22 13:44:09',NULL,NULL),
('B230',5,0,'M5048: MOTOR OVERLOAD NaOH PUMP2 FROM ST. 5','2026-02-22 13:44:09',NULL,NULL),
('B231',5,0,'M5049: MOTOR OVERLOAD MIXER NaOH FROM ST. 5','2026-02-22 13:44:09',NULL,NULL),
('B232',5,0,'M5050: MOTOR OVERLOAD PUMP21 FROM ST. 5','2026-02-22 13:44:09',NULL,NULL),
('B233',5,0,'M5051: MOTOR OVERLOAD PUMP22 FROM ST. 5','2026-02-22 13:44:09',NULL,NULL),
('B234',5,0,'M5052: MOTOR OVERLOAD PUMP23 FROM ST. 5','2026-02-22 13:44:09',NULL,NULL),
('B235',5,0,'M5053: MOTOR OVERLOAD PUMP24 FROM ST. 5','2026-02-22 13:44:09',NULL,NULL),
('B236',5,0,'FROM ST. 5','2026-02-22 13:44:09',NULL,NULL),
('B237',5,0,'FROM ST. 5','2026-02-22 13:44:09',NULL,NULL),
('B238',5,0,'FROM ST. 5','2026-02-22 13:44:09',NULL,NULL),
('B239',5,0,'FROM ST. 5','2026-02-22 13:44:09',NULL,NULL),
('B23A',5,0,'FROM ST. 5','2026-02-22 13:44:09',NULL,NULL),
('B23B',5,0,'FROM ST. 5','2026-02-22 13:44:09',NULL,NULL),
('B23C',5,0,'FROM ST. 5','2026-02-22 13:44:09',NULL,NULL),
('B23D',5,0,'FROM ST. 5','2026-02-22 13:44:09',NULL,NULL),
('B23E',5,0,'FROM ST. 5','2026-02-22 13:44:09',NULL,NULL),
('B23F',5,0,'FROM ST. 5','2026-02-22 13:44:09',NULL,NULL),
('B24',1,0,'FROM ST. 1','2026-02-22 13:44:09',NULL,NULL),
('B240',5,0,'FROM ST. 5','2026-02-22 13:44:09',NULL,NULL),
('B241',5,0,'FROM ST. 5','2026-02-22 13:44:09',NULL,NULL),
('B242',5,0,'FROM ST. 5','2026-02-22 13:44:09',NULL,NULL),
('B243',5,0,'FROM ST. 5','2026-02-22 13:44:09',NULL,NULL),
('B244',5,0,'FROM ST. 5','2026-02-22 13:44:09',NULL,NULL),
('B245',5,0,'FROM ST. 5','2026-02-22 13:44:09',NULL,NULL),
('B246',5,0,'FROM ST. 5','2026-02-22 13:44:09',NULL,NULL),
('B247',5,0,'FROM ST. 5','2026-02-22 13:44:09',NULL,NULL),
('B248',5,0,'FROM ST. 5','2026-02-22 13:44:09',NULL,NULL),
('B249',5,0,'FROM ST. 5','2026-02-22 13:44:09',NULL,NULL),
('B24A',5,0,'FROM ST. 5','2026-02-22 13:44:09',NULL,NULL),
('B24B',5,0,'FROM ST. 5','2026-02-22 13:44:09',NULL,NULL),
('B24C',5,0,'FROM ST. 5','2026-02-22 13:44:09',NULL,NULL),
('B24D',5,0,'FROM ST. 5','2026-02-22 13:44:09',NULL,NULL),
('B24E',5,0,'FROM ST. 5','2026-02-22 13:44:09',NULL,NULL),
('B24F',5,0,'FROM ST. 5','2026-02-22 13:44:09',NULL,NULL),
('B25',1,0,'FROM ST. 1','2026-02-22 13:44:09',NULL,NULL),
('B250',5,0,'FROM ST. 5','2026-02-22 13:44:09',NULL,NULL),
('B251',5,0,'FROM ST. 5','2026-02-22 13:44:09',NULL,NULL),
('B252',5,0,'FROM ST. 5','2026-02-22 13:44:09',NULL,NULL),
('B253',5,0,'FROM ST. 5','2026-02-22 13:44:09',NULL,NULL),
('B254',5,0,'FROM ST. 5','2026-02-22 13:44:09',NULL,NULL),
('B255',5,0,'FROM ST. 5','2026-02-22 13:44:09',NULL,NULL),
('B256',5,0,'FROM ST. 5','2026-02-22 13:44:09',NULL,NULL),
('B257',5,0,'FROM ST. 5','2026-02-22 13:44:09',NULL,NULL),
('B258',5,0,'FROM ST. 5','2026-02-22 13:44:09',NULL,NULL),
('B259',5,0,'FROM ST. 5','2026-02-22 13:44:09',NULL,NULL),
('B25A',5,0,'FROM ST. 5','2026-02-22 13:44:09',NULL,NULL),
('B25B',5,0,'FROM ST. 5','2026-02-22 13:44:09',NULL,NULL),
('B25C',5,0,'FROM ST. 5','2026-02-22 13:44:09',NULL,NULL),
('B25D',5,0,'FROM ST. 5','2026-02-22 13:44:09',NULL,NULL),
('B25E',5,0,'FROM ST. 5','2026-02-22 13:44:09',NULL,NULL),
('B25F',5,0,'FROM ST. 5','2026-02-22 13:44:09',NULL,NULL),
('B26',1,0,'FROM ST. 1','2026-02-22 13:44:09',NULL,NULL),
('B260',5,0,'FROM ST. 5','2026-02-22 13:44:09',NULL,NULL),
('B261',5,0,'FROM ST. 5','2026-02-22 13:44:09',NULL,NULL),
('B262',5,0,'FROM ST. 5','2026-02-22 13:44:09',NULL,NULL),
('B263',5,0,'FROM ST. 5','2026-02-22 13:44:09',NULL,NULL),
('B264',5,0,'FROM ST. 5','2026-02-22 13:44:09',NULL,NULL),
('B265',5,0,'FROM ST. 5','2026-02-22 13:44:09',NULL,NULL),
('B266',5,0,'FROM ST. 5','2026-02-22 13:44:09',NULL,NULL),
('B267',5,0,'FROM ST. 5','2026-02-22 13:44:09',NULL,NULL),
('B268',5,0,'FROM ST. 5','2026-02-22 13:44:09',NULL,NULL),
('B269',5,0,'FROM ST. 5','2026-02-22 13:44:09',NULL,NULL),
('B26A',5,0,'FROM ST. 5','2026-02-22 13:44:09',NULL,NULL),
('B26B',5,0,'FROM ST. 5','2026-02-22 13:44:09',NULL,NULL),
('B26C',5,0,'FROM ST. 5','2026-02-22 13:44:09',NULL,NULL),
('B26D',5,0,'FROM ST. 5','2026-02-22 13:44:09',NULL,NULL),
('B26E',5,0,'FROM ST. 5','2026-02-22 13:44:09',NULL,NULL),
('B26F',5,0,'FROM ST. 5','2026-02-22 13:44:09',NULL,NULL),
('B27',1,0,'FROM ST. 1','2026-02-22 13:44:09',NULL,NULL),
('B270',5,0,'FROM ST. 5','2026-02-22 13:44:09',NULL,NULL),
('B271',5,0,'FROM ST. 5','2026-02-22 13:44:09',NULL,NULL),
('B272',5,0,'FROM ST. 5','2026-02-22 13:44:09',NULL,NULL),
('B273',5,0,'FROM ST. 5','2026-02-22 13:44:09',NULL,NULL),
('B274',5,0,'FROM ST. 5','2026-02-22 13:44:09',NULL,NULL),
('B275',5,0,'FROM ST. 5','2026-02-22 13:44:09',NULL,NULL),
('B276',5,0,'FROM ST. 5','2026-02-22 13:44:09',NULL,NULL),
('B277',5,0,'FROM ST. 5','2026-02-22 13:44:09',NULL,NULL),
('B278',5,0,'FROM ST. 5','2026-02-22 13:44:09',NULL,NULL),
('B279',5,0,'FROM ST. 5','2026-02-22 13:44:09',NULL,NULL),
('B27A',5,0,'FROM ST. 5','2026-02-22 13:44:09',NULL,NULL),
('B27B',5,0,'FROM ST. 5','2026-02-22 13:44:09',NULL,NULL),
('B27C',5,0,'FROM ST. 5','2026-02-22 13:44:09',NULL,NULL),
('B27D',5,0,'FROM ST. 5','2026-02-22 13:44:09',NULL,NULL),
('B27E',5,0,'FROM ST. 5','2026-02-22 13:44:09',NULL,NULL),
('B27F',5,0,'FROM ST. 5','2026-02-22 13:44:09',NULL,NULL),
('B28',1,0,'FROM ST. 1','2026-02-22 13:44:09',NULL,NULL),
('B280',6,0,'PLC Error FROM ST. 6','2026-02-22 13:44:09',NULL,NULL),
('B281',6,0,'PLC Battery Low FROM ST. 6','2026-02-22 13:44:09',NULL,NULL),
('B282',6,0,'PLC FUSEBreak FROM ST. 6','2026-02-22 13:44:09',NULL,NULL),
('B283',6,0,'FROM ST. 6','2026-02-22 13:44:09',NULL,NULL),
('B284',6,0,'FROM ST. 6','2026-02-22 13:44:09',NULL,NULL),
('B285',6,0,'FROM ST. 6','2026-02-22 13:44:09',NULL,NULL),
('B286',6,0,'FROM ST. 6','2026-02-22 13:44:09',NULL,NULL),
('B287',6,0,'FROM ST. 6','2026-02-22 13:44:09',NULL,NULL),
('B288',6,0,'FROM ST. 6','2026-02-22 13:44:09',NULL,NULL),
('B289',6,0,'FROM ST. 6','2026-02-22 13:44:09',NULL,NULL),
('B28A',6,0,'FROM ST. 6','2026-02-22 13:44:09',NULL,NULL),
('B28B',6,0,'FROM ST. 6','2026-02-22 13:44:09',NULL,NULL),
('B28C',6,0,'FROM ST. 6','2026-02-22 13:44:09',NULL,NULL),
('B28D',6,0,'FROM ST. 6','2026-02-22 13:44:09',NULL,NULL),
('B28E',6,0,'FROM ST. 6','2026-02-22 13:44:09',NULL,NULL),
('B28F',6,0,'FROM ST. 6','2026-02-22 13:44:09',NULL,NULL),
('B29',1,0,'CLAMP1 ACTION FAULT FROM ST. 1','2026-02-22 13:44:09',NULL,NULL),
('B290',6,0,'FROM ST. 6','2026-02-22 13:44:09',NULL,NULL),
('B291',6,0,'FROM ST. 6','2026-02-22 13:44:09',NULL,NULL),
('B292',6,0,'FROM ST. 6','2026-02-22 13:44:09',NULL,NULL),
('B293',6,0,'FROM ST. 6','2026-02-22 13:44:09',NULL,NULL),
('B294',6,0,'FROM ST. 6','2026-02-22 13:44:09',NULL,NULL),
('B295',6,0,'FROM ST. 6','2026-02-22 13:44:09',NULL,NULL),
('B296',6,0,'FROM ST. 6','2026-02-22 13:44:09',NULL,NULL),
('B297',6,0,'FROM ST. 6','2026-02-22 13:44:09',NULL,NULL),
('B298',6,0,'FROM ST. 6','2026-02-22 13:44:09',NULL,NULL),
('B299',6,0,'FROM ST. 6','2026-02-22 13:44:09',NULL,NULL),
('B29A',6,0,'FROM ST. 6','2026-02-22 13:44:09',NULL,NULL),
('B29B',6,0,'FROM ST. 6','2026-02-22 13:44:09',NULL,NULL),
('B29C',6,0,'FROM ST. 6','2026-02-22 13:44:09',NULL,NULL),
('B29D',6,0,'FROM ST. 6','2026-02-22 13:44:09',NULL,NULL),
('B29E',6,0,'FROM ST. 6','2026-02-22 13:44:09',NULL,NULL),
('B29F',6,0,'FROM ST. 6','2026-02-22 13:44:09',NULL,NULL),
('B2A',1,0,'CLAMP2 ACTION FALT FROM ST. 1','2026-02-22 13:44:09',NULL,NULL),
('B2A0',6,0,'FROM ST. 6','2026-02-22 13:44:09',NULL,NULL),
('B2A1',6,0,'FROM ST. 6','2026-02-22 13:44:09',NULL,NULL),
('B2A2',6,0,'FROM ST. 6','2026-02-22 13:44:09',NULL,NULL),
('B2A3',6,0,'FROM ST. 6','2026-02-22 13:44:09',NULL,NULL),
('B2A4',6,0,'FROM ST. 6','2026-02-22 13:44:09',NULL,NULL),
('B2A5',6,0,'FROM ST. 6','2026-02-22 13:44:09',NULL,NULL),
('B2A6',6,0,'FROM ST. 6','2026-02-22 13:44:09',NULL,NULL),
('B2A7',6,0,'FROM ST. 6','2026-02-22 13:44:09',NULL,NULL),
('B2A8',6,0,'FROM ST. 6','2026-02-22 13:44:09',NULL,NULL),
('B2A9',6,0,'FROM ST. 6','2026-02-22 13:44:09',NULL,NULL),
('B2AA',6,0,'FROM ST. 6','2026-02-22 13:44:09',NULL,NULL),
('B2AB',6,0,'FROM ST. 6','2026-02-22 13:44:09',NULL,NULL),
('B2AC',6,0,'FROM ST. 6','2026-02-22 13:44:09',NULL,NULL),
('B2AD',6,0,'FROM ST. 6','2026-02-22 13:44:09',NULL,NULL),
('B2AE',6,0,'FROM ST. 6','2026-02-22 13:44:09',NULL,NULL),
('B2AF',6,0,'FROM ST. 6','2026-02-22 13:44:09',NULL,NULL),
('B2B',1,0,'YAH LIFTER SHIFT1 ACTION FAULT FROM ST. 1','2026-02-22 13:44:09',NULL,NULL),
('B2B0',6,0,'FROM ST. 6','2026-02-22 13:44:09',NULL,NULL),
('B2B1',6,0,'FROM ST. 6','2026-02-22 13:44:09',NULL,NULL),
('B2B2',6,0,'FROM ST. 6','2026-02-22 13:44:09',NULL,NULL),
('B2B3',6,0,'FROM ST. 6','2026-02-22 13:44:09',NULL,NULL),
('B2B4',6,0,'FROM ST. 6','2026-02-22 13:44:09',NULL,NULL),
('B2B5',6,0,'FROM ST. 6','2026-02-22 13:44:09',NULL,NULL),
('B2B6',6,0,'FROM ST. 6','2026-02-22 13:44:09',NULL,NULL),
('B2B7',6,0,'FROM ST. 6','2026-02-22 13:44:09',NULL,NULL),
('B2B8',6,0,'FROM ST. 6','2026-02-22 13:44:09',NULL,NULL),
('B2B9',6,0,'FROM ST. 6','2026-02-22 13:44:09',NULL,NULL),
('B2BA',6,0,'FROM ST. 6','2026-02-22 13:44:09',NULL,NULL),
('B2BB',6,0,'FROM ST. 6','2026-02-22 13:44:09',NULL,NULL),
('B2BC',6,0,'FROM ST. 6','2026-02-22 13:44:09',NULL,NULL),
('B2BD',6,0,'FROM ST. 6','2026-02-22 13:44:09',NULL,NULL),
('B2BE',6,0,'FROM ST. 6','2026-02-22 13:44:09',NULL,NULL),
('B2BF',6,0,'FROM ST. 6','2026-02-22 13:44:09',NULL,NULL),
('B2C',1,0,'YAH LIFTER SHIFT2 ACTIONE FAUKT FROM ST. 1','2026-02-22 13:44:09',NULL,NULL),
('B2C0',6,0,'FROM ST. 6','2026-02-22 13:44:09',NULL,NULL),
('B2C1',6,0,'FROM ST. 6','2026-02-22 13:44:09',NULL,NULL),
('B2C2',6,0,'FROM ST. 6','2026-02-22 13:44:09',NULL,NULL),
('B2C3',6,0,'FROM ST. 6','2026-02-22 13:44:09',NULL,NULL),
('B2C4',6,0,'FROM ST. 6','2026-02-22 13:44:09',NULL,NULL),
('B2C5',6,0,'FROM ST. 6','2026-02-22 13:44:09',NULL,NULL),
('B2C6',6,0,'FROM ST. 6','2026-02-22 13:44:09',NULL,NULL),
('B2C7',6,0,'FROM ST. 6','2026-02-22 13:44:09',NULL,NULL),
('B2C8',6,0,'FROM ST. 6','2026-02-22 13:44:09',NULL,NULL),
('B2C9',6,0,'FROM ST. 6','2026-02-22 13:44:09',NULL,NULL),
('B2CA',6,0,'FROM ST. 6','2026-02-22 13:44:09',NULL,NULL),
('B2CB',6,0,'FROM ST. 6','2026-02-22 13:44:09',NULL,NULL),
('B2CC',6,0,'FROM ST. 6','2026-02-22 13:44:09',NULL,NULL),
('B2CD',6,0,'FROM ST. 6','2026-02-22 13:44:09',NULL,NULL),
('B2CE',6,0,'FROM ST. 6','2026-02-22 13:44:09',NULL,NULL),
('B2CF',6,0,'FROM ST. 6','2026-02-22 13:44:09',NULL,NULL),
('B2D',1,0,'YHA RISER SHIFT ACTION FAULT FROM ST. 1','2026-02-22 13:44:09',NULL,NULL),
('B2D0',6,0,'FROM ST. 6','2026-02-22 13:44:09',NULL,NULL),
('B2D1',6,0,'FROM ST. 6','2026-02-22 13:44:09',NULL,NULL),
('B2D2',6,0,'FROM ST. 6','2026-02-22 13:44:09',NULL,NULL),
('B2D3',6,0,'FROM ST. 6','2026-02-22 13:44:09',NULL,NULL),
('B2D4',6,0,'FROM ST. 6','2026-02-22 13:44:09',NULL,NULL),
('B2D5',6,0,'FROM ST. 6','2026-02-22 13:44:09',NULL,NULL),
('B2D6',6,0,'FROM ST. 6','2026-02-22 13:44:09',NULL,NULL),
('B2D7',6,0,'FROM ST. 6','2026-02-22 13:44:09',NULL,NULL),
('B2D8',6,0,'FROM ST. 6','2026-02-22 13:44:09',NULL,NULL),
('B2D9',6,0,'FROM ST. 6','2026-02-22 13:44:09',NULL,NULL),
('B2DA',6,0,'FROM ST. 6','2026-02-22 13:44:09',NULL,NULL),
('B2DB',6,0,'FROM ST. 6','2026-02-22 13:44:09',NULL,NULL),
('B2DC',6,0,'FROM ST. 6','2026-02-22 13:44:09',NULL,NULL),
('B2DD',6,0,'FROM ST. 6','2026-02-22 13:44:09',NULL,NULL),
('B2DE',6,0,'FROM ST. 6','2026-02-22 13:44:09',NULL,NULL),
('B2DF',6,0,'FROM ST. 6','2026-02-22 13:44:09',NULL,NULL),
('B2E',1,0,'YL8 SHIFT ACTION FAULT FROM ST. 1','2026-02-22 13:44:09',NULL,NULL),
('B2E0',6,0,'FROM ST. 6','2026-02-22 13:44:09',NULL,NULL),
('B2E1',6,0,'FROM ST. 6','2026-02-22 13:44:09',NULL,NULL),
('B2E2',6,0,'FROM ST. 6','2026-02-22 13:44:09',NULL,NULL),
('B2E3',6,0,'FROM ST. 6','2026-02-22 13:44:09',NULL,NULL),
('B2E4',6,0,'FROM ST. 6','2026-02-22 13:44:09',NULL,NULL),
('B2E5',6,0,'FROM ST. 6','2026-02-22 13:44:09',NULL,NULL),
('B2E6',6,0,'FROM ST. 6','2026-02-22 13:44:09',NULL,NULL),
('B2E7',6,0,'FROM ST. 6','2026-02-22 13:44:09',NULL,NULL),
('B2E8',6,0,'FROM ST. 6','2026-02-22 13:44:09',NULL,NULL),
('B2E9',6,0,'FROM ST. 6','2026-02-22 13:44:09',NULL,NULL),
('B2EA',6,0,'FROM ST. 6','2026-02-22 13:44:09',NULL,NULL),
('B2EB',6,0,'FROM ST. 6','2026-02-22 13:44:09',NULL,NULL),
('B2EC',6,0,'FROM ST. 6','2026-02-22 13:44:09',NULL,NULL),
('B2ED',6,0,'FROM ST. 6','2026-02-22 13:44:09',NULL,NULL),
('B2EE',6,0,'FROM ST. 6','2026-02-22 13:44:09',NULL,NULL),
('B2EF',6,0,'FROM ST. 6','2026-02-22 13:44:09',NULL,NULL),
('B2F',1,0,'YAH NORMAL SHIFT ACTION FAULT FROM ST. 1','2026-02-22 13:44:09',NULL,NULL),
('B2F0',6,0,'FROM ST. 6','2026-02-22 13:44:09',NULL,NULL),
('B2F1',6,0,'FROM ST. 6','2026-02-22 13:44:09',NULL,NULL),
('B2F2',6,0,'FROM ST. 6','2026-02-22 13:44:09',NULL,NULL),
('B2F3',6,0,'FROM ST. 6','2026-02-22 13:44:09',NULL,NULL),
('B2F4',6,0,'FROM ST. 6','2026-02-22 13:44:09',NULL,NULL),
('B2F5',6,0,'FROM ST. 6','2026-02-22 13:44:09',NULL,NULL),
('B2F6',6,0,'FROM ST. 6','2026-02-22 13:44:09',NULL,NULL),
('B2F7',6,0,'FROM ST. 6','2026-02-22 13:44:09',NULL,NULL),
('B2F8',6,0,'FROM ST. 6','2026-02-22 13:44:09',NULL,NULL),
('B2F9',6,0,'FROM ST. 6','2026-02-22 13:44:09',NULL,NULL),
('B2FA',6,0,'FROM ST. 6','2026-02-22 13:44:09',NULL,NULL),
('B2FB',6,0,'FROM ST. 6','2026-02-22 13:44:09',NULL,NULL),
('B2FC',6,0,'FROM ST. 6','2026-02-22 13:44:09',NULL,NULL),
('B2FD',6,0,'FROM ST. 6','2026-02-22 13:44:09',NULL,NULL),
('B2FE',6,0,'FROM ST. 6','2026-02-22 13:44:09',NULL,NULL),
('B2FF',6,0,'FROM ST. 6','2026-02-22 13:44:09',NULL,NULL),
('B3',1,0,'FROM ST. 1','2026-02-22 13:44:09',NULL,NULL),
('B30',1,0,'YHA LIFT CHK SHIFT ACTION FAULT FROM ST. 1','2026-02-22 13:44:09',NULL,NULL),
('B300',7,0,'PLC ERROR FROM ST. 7','2026-02-22 13:44:09',NULL,NULL),
('B301',7,0,'GOT ERROR FROM ST. 7','2026-02-22 13:44:09',NULL,NULL),
('B302',7,0,'CC-Link ERROR FROM ST. 7','2026-02-22 13:44:09',NULL,NULL),
('B303',7,0,'NO APPLICABLE DATA FROM ST. 7','2026-02-22 13:44:09',NULL,NULL),
('B305',7,0,'FROM ST. 7','2026-02-22 13:44:09',NULL,NULL),
('B306',7,0,'FROM ST. 7','2026-02-22 13:44:09',NULL,NULL),
('B307',7,0,'FROM ST. 7','2026-02-22 13:44:09',NULL,NULL),
('B308',7,0,'FROM ST. 7','2026-02-22 13:44:09',NULL,NULL),
('B309',7,0,'FROM ST. 7','2026-02-22 13:44:09',NULL,NULL),
('B30A',7,0,'FROM ST. 7','2026-02-22 13:44:09',NULL,NULL),
('B30B',7,0,'FROM ST. 7','2026-02-22 13:44:09',NULL,NULL),
('B30C',7,0,'FROM ST. 7','2026-02-22 13:44:09',NULL,NULL),
('B30D',7,0,'FROM ST. 7','2026-02-22 13:44:09',NULL,NULL),
('B30E',7,0,'FROM ST. 7','2026-02-22 13:44:09',NULL,NULL),
('B30F',7,0,'FROM ST. 7','2026-02-22 13:44:09',NULL,NULL),
('B31',1,0,'YL8 LIFT CHK SHIFT ACTION FAULT FROM ST. 1','2026-02-22 13:44:09',NULL,NULL),
('B310',7,0,'FROM ST. 7','2026-02-22 13:44:09',NULL,NULL),
('B311',7,0,'FROM ST. 7','2026-02-22 13:44:09',NULL,NULL),
('B312',7,0,'FROM ST. 7','2026-02-22 13:44:09',NULL,NULL),
('B313',7,0,'FROM ST. 7','2026-02-22 13:44:09',NULL,NULL),
('B314',7,0,'FROM ST. 7','2026-02-22 13:44:09',NULL,NULL),
('B315',7,0,'FROM ST. 7','2026-02-22 13:44:09',NULL,NULL),
('B316',7,0,'FROM ST. 7','2026-02-22 13:44:09',NULL,NULL),
('B317',7,0,'FROM ST. 7','2026-02-22 13:44:09',NULL,NULL),
('B318',7,0,'FROM ST. 7','2026-02-22 13:44:09',NULL,NULL),
('B319',7,0,'FROM ST. 7','2026-02-22 13:44:09',NULL,NULL),
('B31A',7,0,'FROM ST. 7','2026-02-22 13:44:09',NULL,NULL),
('B31B',7,0,'FROM ST. 7','2026-02-22 13:44:09',NULL,NULL),
('B31C',7,0,'FROM ST. 7','2026-02-22 13:44:09',NULL,NULL),
('B31D',7,0,'FROM ST. 7','2026-02-22 13:44:09',NULL,NULL),
('B31E',7,0,'FROM ST. 7','2026-02-22 13:44:09',NULL,NULL),
('B31F',7,0,'FROM ST. 7','2026-02-22 13:44:09',NULL,NULL),
('B32',1,0,'TYPE CHANGE ACTION FAULT FROM ST. 1','2026-02-22 13:44:09',NULL,NULL),
('B320',7,0,'FROM ST. 7','2026-02-22 13:44:09',NULL,NULL),
('B321',7,0,'FROM ST. 7','2026-02-22 13:44:09',NULL,NULL),
('B322',7,0,'FROM ST. 7','2026-02-22 13:44:09',NULL,NULL),
('B323',7,0,'FROM ST. 7','2026-02-22 13:44:09',NULL,NULL),
('B324',7,0,'FROM ST. 7','2026-02-22 13:44:09',NULL,NULL),
('B325',7,0,'FROM ST. 7','2026-02-22 13:44:09',NULL,NULL),
('B326',7,0,'FROM ST. 7','2026-02-22 13:44:09',NULL,NULL),
('B327',7,0,'FROM ST. 7','2026-02-22 13:44:09',NULL,NULL),
('B328',7,0,'FROM ST. 7','2026-02-22 13:44:09',NULL,NULL),
('B329',7,0,'FROM ST. 7','2026-02-22 13:44:09',NULL,NULL),
('B32A',7,0,'FROM ST. 7','2026-02-22 13:44:09',NULL,NULL),
('B32B',7,0,'FROM ST. 7','2026-02-22 13:44:09',NULL,NULL),
('B32C',7,0,'FROM ST. 7','2026-02-22 13:44:09',NULL,NULL),
('B32D',7,0,'FROM ST. 7','2026-02-22 13:44:09',NULL,NULL),
('B32E',7,0,'FROM ST. 7','2026-02-22 13:44:09',NULL,NULL),
('B32F',7,0,'FROM ST. 7','2026-02-22 13:44:09',NULL,NULL),
('B33',1,0,'FROM ST. 1','2026-02-22 13:44:09',NULL,NULL),
('B330',7,0,'FROM ST. 7','2026-02-22 13:44:09',NULL,NULL),
('B331',7,0,'FROM ST. 7','2026-02-22 13:44:09',NULL,NULL),
('B332',7,0,'FROM ST. 7','2026-02-22 13:44:09',NULL,NULL),
('B333',7,0,'FROM ST. 7','2026-02-22 13:44:09',NULL,NULL),
('B334',7,0,'FROM ST. 7','2026-02-22 13:44:09',NULL,NULL),
('B335',7,0,'FROM ST. 7','2026-02-22 13:44:09',NULL,NULL),
('B336',7,0,'FROM ST. 7','2026-02-22 13:44:09',NULL,NULL),
('B337',7,0,'FROM ST. 7','2026-02-22 13:44:09',NULL,NULL),
('B338',7,0,'FROM ST. 7','2026-02-22 13:44:09',NULL,NULL),
('B339',7,0,'FROM ST. 7','2026-02-22 13:44:09',NULL,NULL),
('B33A',7,0,'FROM ST. 7','2026-02-22 13:44:09',NULL,NULL),
('B33B',7,0,'FROM ST. 7','2026-02-22 13:44:09',NULL,NULL),
('B33C',7,0,'FROM ST. 7','2026-02-22 13:44:09',NULL,NULL),
('B33D',7,0,'FROM ST. 7','2026-02-22 13:44:09',NULL,NULL),
('B33E',7,0,'FROM ST. 7','2026-02-22 13:44:09',NULL,NULL),
('B33F',7,0,'FROM ST. 7','2026-02-22 13:44:09',NULL,NULL),
('B34',1,0,'FROM ST. 1','2026-02-22 13:44:09',NULL,NULL),
('B340',7,0,'FROM ST. 7','2026-02-22 13:44:09',NULL,NULL),
('B341',7,0,'FROM ST. 7','2026-02-22 13:44:09',NULL,NULL),
('B342',7,0,'FROM ST. 7','2026-02-22 13:44:09',NULL,NULL),
('B343',7,0,'FROM ST. 7','2026-02-22 13:44:09',NULL,NULL),
('B344',7,0,'FROM ST. 7','2026-02-22 13:44:09',NULL,NULL),
('B345',7,0,'FROM ST. 7','2026-02-22 13:44:09',NULL,NULL),
('B346',7,0,'FROM ST. 7','2026-02-22 13:44:09',NULL,NULL),
('B347',7,0,'FROM ST. 7','2026-02-22 13:44:09',NULL,NULL),
('B348',7,0,'FROM ST. 7','2026-02-22 13:44:09',NULL,NULL),
('B349',7,0,'FROM ST. 7','2026-02-22 13:44:09',NULL,NULL),
('B34A',7,0,'FROM ST. 7','2026-02-22 13:44:09',NULL,NULL),
('B34B',7,0,'FROM ST. 7','2026-02-22 13:44:09',NULL,NULL),
('B34C',7,0,'FROM ST. 7','2026-02-22 13:44:09',NULL,NULL),
('B34D',7,0,'FROM ST. 7','2026-02-22 13:44:09',NULL,NULL),
('B34E',7,0,'FROM ST. 7','2026-02-22 13:44:09',NULL,NULL),
('B34F',7,0,'FROM ST. 7','2026-02-22 13:44:09',NULL,NULL),
('B35',1,0,'FROM ST. 1','2026-02-22 13:44:09',NULL,NULL),
('B350',7,0,'FROM ST. 7','2026-02-22 13:44:09',NULL,NULL),
('B351',7,0,'FROM ST. 7','2026-02-22 13:44:09',NULL,NULL),
('B352',7,0,'FROM ST. 7','2026-02-22 13:44:09',NULL,NULL),
('B353',7,0,'FROM ST. 7','2026-02-22 13:44:09',NULL,NULL),
('B354',7,0,'FROM ST. 7','2026-02-22 13:44:09',NULL,NULL),
('B355',7,0,'FROM ST. 7','2026-02-22 13:44:09',NULL,NULL),
('B356',7,0,'FROM ST. 7','2026-02-22 13:44:09',NULL,NULL),
('B357',7,0,'FROM ST. 7','2026-02-22 13:44:09',NULL,NULL),
('B358',7,0,'FROM ST. 7','2026-02-22 13:44:09',NULL,NULL),
('B359',7,0,'FROM ST. 7','2026-02-22 13:44:09',NULL,NULL),
('B35A',7,0,'FROM ST. 7','2026-02-22 13:44:09',NULL,NULL),
('B35B',7,0,'FROM ST. 7','2026-02-22 13:44:09',NULL,NULL),
('B35C',7,0,'FROM ST. 7','2026-02-22 13:44:09',NULL,NULL),
('B35D',7,0,'FROM ST. 7','2026-02-22 13:44:09',NULL,NULL),
('B35E',7,0,'FROM ST. 7','2026-02-22 13:44:09',NULL,NULL),
('B35F',7,0,'FROM ST. 7','2026-02-22 13:44:09',NULL,NULL),
('B36',1,0,'FROM ST. 1','2026-02-22 13:44:09',NULL,NULL),
('B360',7,0,'FROM ST. 7','2026-02-22 13:44:09',NULL,NULL),
('B361',7,0,'FROM ST. 7','2026-02-22 13:44:09',NULL,NULL),
('B362',7,0,'FROM ST. 7','2026-02-22 13:44:09',NULL,NULL),
('B363',7,0,'FROM ST. 7','2026-02-22 13:44:09',NULL,NULL),
('B364',7,0,'FROM ST. 7','2026-02-22 13:44:09',NULL,NULL),
('B365',7,0,'FROM ST. 7','2026-02-22 13:44:09',NULL,NULL),
('B366',7,0,'FROM ST. 7','2026-02-22 13:44:09',NULL,NULL),
('B367',7,0,'FROM ST. 7','2026-02-22 13:44:09',NULL,NULL),
('B368',7,0,'FROM ST. 7','2026-02-22 13:44:09',NULL,NULL),
('B369',7,0,'FROM ST. 7','2026-02-22 13:44:09',NULL,NULL),
('B36A',7,0,'FROM ST. 7','2026-02-22 13:44:09',NULL,NULL),
('B36B',7,0,'FROM ST. 7','2026-02-22 13:44:09',NULL,NULL),
('B36C',7,0,'FROM ST. 7','2026-02-22 13:44:09',NULL,NULL),
('B36D',7,0,'FROM ST. 7','2026-02-22 13:44:09',NULL,NULL),
('B36E',7,0,'FROM ST. 7','2026-02-22 13:44:09',NULL,NULL),
('B36F',7,0,'FROM ST. 7','2026-02-22 13:44:09',NULL,NULL),
('B37',1,0,'FROM ST. 1','2026-02-22 13:44:09',NULL,NULL),
('B370',7,0,'FROM ST. 7','2026-02-22 13:44:09',NULL,NULL),
('B371',7,0,'FROM ST. 7','2026-02-22 13:44:09',NULL,NULL),
('B372',7,0,'FROM ST. 7','2026-02-22 13:44:09',NULL,NULL),
('B373',7,0,'FROM ST. 7','2026-02-22 13:44:09',NULL,NULL),
('B374',7,0,'FROM ST. 7','2026-02-22 13:44:09',NULL,NULL),
('B375',7,0,'FROM ST. 7','2026-02-22 13:44:09',NULL,NULL),
('B376',7,0,'FROM ST. 7','2026-02-22 13:44:09',NULL,NULL),
('B377',7,0,'FROM ST. 7','2026-02-22 13:44:09',NULL,NULL),
('B378',7,0,'FROM ST. 7','2026-02-22 13:44:09',NULL,NULL),
('B379',7,0,'FROM ST. 7','2026-02-22 13:44:09',NULL,NULL),
('B37A',7,0,'FROM ST. 7','2026-02-22 13:44:09',NULL,NULL),
('B37B',7,0,'FROM ST. 7','2026-02-22 13:44:09',NULL,NULL),
('B37C',7,0,'FROM ST. 7','2026-02-22 13:44:09',NULL,NULL),
('B37D',7,0,'FROM ST. 7','2026-02-22 13:44:09',NULL,NULL),
('B37E',7,0,'FROM ST. 7','2026-02-22 13:44:09',NULL,NULL),
('B37F',7,0,'FROM ST. 7','2026-02-22 13:44:09',NULL,NULL),
('B38',1,0,'FROM ST. 1','2026-02-22 13:44:09',NULL,NULL),
('B380',8,0,'PLC ERROR FROM ST. 8','2026-02-22 13:44:09',NULL,NULL),
('B381',8,0,'GOT ERROR FROM ST. 8','2026-02-22 13:44:09',NULL,NULL),
('B382',8,0,'CC-Link ERROR FROM ST. 8','2026-02-22 13:44:09',NULL,NULL),
('B383',8,0,'NO APPLICABLE DATA FROM ST. 8','2026-02-22 13:44:09',NULL,NULL),
('B385',8,0,'FROM ST. 8','2026-02-22 13:44:09',NULL,NULL),
('B386',8,0,'FROM ST. 8','2026-02-22 13:44:09',NULL,NULL),
('B387',8,0,'FROM ST. 8','2026-02-22 13:44:09',NULL,NULL),
('B388',8,0,'FROM ST. 8','2026-02-22 13:44:09',NULL,NULL),
('B389',8,0,'FROM ST. 8','2026-02-22 13:44:09',NULL,NULL),
('B38A',8,0,'FROM ST. 8','2026-02-22 13:44:09',NULL,NULL),
('B38B',8,0,'FROM ST. 8','2026-02-22 13:44:09',NULL,NULL),
('B38C',8,0,'FROM ST. 8','2026-02-22 13:44:09',NULL,NULL),
('B38D',8,0,'FROM ST. 8','2026-02-22 13:44:09',NULL,NULL),
('B38E',8,0,'FROM ST. 8','2026-02-22 13:44:09',NULL,NULL),
('B38F',8,0,'FROM ST. 8','2026-02-22 13:44:09',NULL,NULL),
('B39',1,0,'FROM ST. 1','2026-02-22 13:44:09',NULL,NULL),
('B390',8,0,'FROM ST. 8','2026-02-22 13:44:09',NULL,NULL),
('B391',8,0,'FROM ST. 8','2026-02-22 13:44:09',NULL,NULL),
('B392',8,0,'FROM ST. 8','2026-02-22 13:44:09',NULL,NULL),
('B393',8,0,'FROM ST. 8','2026-02-22 13:44:09',NULL,NULL),
('B394',8,0,'FROM ST. 8','2026-02-22 13:44:09',NULL,NULL),
('B395',8,0,'FROM ST. 8','2026-02-22 13:44:09',NULL,NULL),
('B396',8,0,'FROM ST. 8','2026-02-22 13:44:09',NULL,NULL),
('B397',8,0,'FROM ST. 8','2026-02-22 13:44:09',NULL,NULL),
('B398',8,0,'FROM ST. 8','2026-02-22 13:44:09',NULL,NULL),
('B399',8,0,'FROM ST. 8','2026-02-22 13:44:09',NULL,NULL),
('B39A',8,0,'FROM ST. 8','2026-02-22 13:44:09',NULL,NULL),
('B39B',8,0,'FROM ST. 8','2026-02-22 13:44:09',NULL,NULL),
('B39C',8,0,'FROM ST. 8','2026-02-22 13:44:09',NULL,NULL),
('B39D',8,0,'FROM ST. 8','2026-02-22 13:44:09',NULL,NULL),
('B39E',8,0,'FROM ST. 8','2026-02-22 13:44:09',NULL,NULL),
('B39F',8,0,'FROM ST. 8','2026-02-22 13:44:09',NULL,NULL),
('B3A',1,0,'FROM ST. 1','2026-02-22 13:44:09',NULL,NULL),
('B3A0',8,0,'FROM ST. 8','2026-02-22 13:44:09',NULL,NULL),
('B3A1',8,0,'FROM ST. 8','2026-02-22 13:44:09',NULL,NULL),
('B3A2',8,0,'FROM ST. 8','2026-02-22 13:44:09',NULL,NULL),
('B3A3',8,0,'FROM ST. 8','2026-02-22 13:44:09',NULL,NULL),
('B3A4',8,0,'FROM ST. 8','2026-02-22 13:44:09',NULL,NULL),
('B3A5',8,0,'FROM ST. 8','2026-02-22 13:44:09',NULL,NULL),
('B3A6',8,0,'FROM ST. 8','2026-02-22 13:44:09',NULL,NULL),
('B3A7',8,0,'FROM ST. 8','2026-02-22 13:44:09',NULL,NULL),
('B3A8',8,0,'FROM ST. 8','2026-02-22 13:44:09',NULL,NULL),
('B3A9',8,0,'FROM ST. 8','2026-02-22 13:44:09',NULL,NULL),
('B3AA',8,0,'FROM ST. 8','2026-02-22 13:44:09',NULL,NULL),
('B3AB',8,0,'FROM ST. 8','2026-02-22 13:44:09',NULL,NULL),
('B3AC',8,0,'FROM ST. 8','2026-02-22 13:44:09',NULL,NULL),
('B3AD',8,0,'FROM ST. 8','2026-02-22 13:44:09',NULL,NULL),
('B3AE',8,0,'FROM ST. 8','2026-02-22 13:44:09',NULL,NULL),
('B3AF',8,0,'FROM ST. 8','2026-02-22 13:44:09',NULL,NULL),
('B3B',1,0,'FROM ST. 1','2026-02-22 13:44:09',NULL,NULL),
('B3B0',8,0,'FROM ST. 8','2026-02-22 13:44:09',NULL,NULL),
('B3B1',8,0,'FROM ST. 8','2026-02-22 13:44:09',NULL,NULL),
('B3B2',8,0,'FROM ST. 8','2026-02-22 13:44:09',NULL,NULL),
('B3B3',8,0,'FROM ST. 8','2026-02-22 13:44:09',NULL,NULL),
('B3B4',8,0,'FROM ST. 8','2026-02-22 13:44:09',NULL,NULL),
('B3B5',8,0,'FROM ST. 8','2026-02-22 13:44:09',NULL,NULL),
('B3B6',8,0,'FROM ST. 8','2026-02-22 13:44:09',NULL,NULL),
('B3B7',8,0,'FROM ST. 8','2026-02-22 13:44:09',NULL,NULL),
('B3B8',8,0,'FROM ST. 8','2026-02-22 13:44:09',NULL,NULL),
('B3B9',8,0,'FROM ST. 8','2026-02-22 13:44:09',NULL,NULL),
('B3BA',8,0,'FROM ST. 8','2026-02-22 13:44:09',NULL,NULL),
('B3BB',8,0,'FROM ST. 8','2026-02-22 13:44:09',NULL,NULL),
('B3BC',8,0,'FROM ST. 8','2026-02-22 13:44:09',NULL,NULL),
('B3BD',8,0,'FROM ST. 8','2026-02-22 13:44:09',NULL,NULL),
('B3BE',8,0,'FROM ST. 8','2026-02-22 13:44:09',NULL,NULL),
('B3BF',8,0,'FROM ST. 8','2026-02-22 13:44:09',NULL,NULL),
('B3C',1,0,'WORK DETECT SENSOR FAULT FROM ST. 1','2026-02-22 13:44:09',NULL,NULL),
('B3C0',8,0,'FROM ST. 8','2026-02-22 13:44:09',NULL,NULL),
('B3C1',8,0,'FROM ST. 8','2026-02-22 13:44:09',NULL,NULL),
('B3C2',8,0,'FROM ST. 8','2026-02-22 13:44:09',NULL,NULL),
('B3C3',8,0,'FROM ST. 8','2026-02-22 13:44:09',NULL,NULL),
('B3C4',8,0,'FROM ST. 8','2026-02-22 13:44:09',NULL,NULL),
('B3C5',8,0,'FROM ST. 8','2026-02-22 13:44:09',NULL,NULL),
('B3C6',8,0,'FROM ST. 8','2026-02-22 13:44:09',NULL,NULL),
('B3C7',8,0,'FROM ST. 8','2026-02-22 13:44:09',NULL,NULL),
('B3C8',8,0,'FROM ST. 8','2026-02-22 13:44:09',NULL,NULL),
('B3C9',8,0,'FROM ST. 8','2026-02-22 13:44:09',NULL,NULL),
('B3CA',8,0,'FROM ST. 8','2026-02-22 13:44:09',NULL,NULL),
('B3CB',8,0,'FROM ST. 8','2026-02-22 13:44:09',NULL,NULL),
('B3CC',8,0,'FROM ST. 8','2026-02-22 13:44:09',NULL,NULL),
('B3CD',8,0,'FROM ST. 8','2026-02-22 13:44:09',NULL,NULL),
('B3CE',8,0,'FROM ST. 8','2026-02-22 13:44:09',NULL,NULL),
('B3CF',8,0,'FROM ST. 8','2026-02-22 13:44:09',NULL,NULL),
('B3D',1,0,'WORK SET FAULT FROM ST. 1','2026-02-22 13:44:09',NULL,NULL),
('B3D0',8,0,'FROM ST. 8','2026-02-22 13:44:09',NULL,NULL),
('B3D1',8,0,'FROM ST. 8','2026-02-22 13:44:09',NULL,NULL),
('B3D2',8,0,'FROM ST. 8','2026-02-22 13:44:09',NULL,NULL),
('B3D3',8,0,'FROM ST. 8','2026-02-22 13:44:09',NULL,NULL),
('B3D4',8,0,'FROM ST. 8','2026-02-22 13:44:09',NULL,NULL),
('B3D5',8,0,'FROM ST. 8','2026-02-22 13:44:09',NULL,NULL),
('B3D6',8,0,'FROM ST. 8','2026-02-22 13:44:09',NULL,NULL),
('B3D7',8,0,'FROM ST. 8','2026-02-22 13:44:09',NULL,NULL),
('B3D8',8,0,'FROM ST. 8','2026-02-22 13:44:09',NULL,NULL),
('B3D9',8,0,'FROM ST. 8','2026-02-22 13:44:09',NULL,NULL),
('B3DA',8,0,'FROM ST. 8','2026-02-22 13:44:09',NULL,NULL),
('B3DB',8,0,'FROM ST. 8','2026-02-22 13:44:09',NULL,NULL),
('B3DC',8,0,'FROM ST. 8','2026-02-22 13:44:09',NULL,NULL),
('B3DD',8,0,'FROM ST. 8','2026-02-22 13:44:09',NULL,NULL),
('B3DE',8,0,'FROM ST. 8','2026-02-22 13:44:09',NULL,NULL),
('B3DF',8,0,'FROM ST. 8','2026-02-22 13:44:09',NULL,NULL),
('B3E',1,0,'FROM ST. 1','2026-02-22 13:44:09',NULL,NULL),
('B3E0',8,0,'FROM ST. 8','2026-02-22 13:44:09',NULL,NULL),
('B3E1',8,0,'FROM ST. 8','2026-02-22 13:44:09',NULL,NULL),
('B3E2',8,0,'FROM ST. 8','2026-02-22 13:44:09',NULL,NULL),
('B3E3',8,0,'FROM ST. 8','2026-02-22 13:44:09',NULL,NULL),
('B3E4',8,0,'FROM ST. 8','2026-02-22 13:44:09',NULL,NULL),
('B3E5',8,0,'FROM ST. 8','2026-02-22 13:44:09',NULL,NULL),
('B3E6',8,0,'FROM ST. 8','2026-02-22 13:44:09',NULL,NULL),
('B3E7',8,0,'FROM ST. 8','2026-02-22 13:44:09',NULL,NULL),
('B3E8',8,0,'FROM ST. 8','2026-02-22 13:44:09',NULL,NULL),
('B3E9',8,0,'FROM ST. 8','2026-02-22 13:44:09',NULL,NULL),
('B3EA',8,0,'FROM ST. 8','2026-02-22 13:44:09',NULL,NULL),
('B3EB',8,0,'FROM ST. 8','2026-02-22 13:44:09',NULL,NULL),
('B3EC',8,0,'FROM ST. 8','2026-02-22 13:44:09',NULL,NULL),
('B3ED',8,0,'FROM ST. 8','2026-02-22 13:44:09',NULL,NULL),
('B3EE',8,0,'FROM ST. 8','2026-02-22 13:44:09',NULL,NULL),
('B3EF',8,0,'FROM ST. 8','2026-02-22 13:44:09',NULL,NULL),
('B3F',1,0,'FROM ST. 1','2026-02-22 13:44:09',NULL,NULL),
('B3F0',8,0,'FROM ST. 8','2026-02-22 13:44:09',NULL,NULL),
('B3F1',8,0,'FROM ST. 8','2026-02-22 13:44:09',NULL,NULL),
('B3F2',8,0,'FROM ST. 8','2026-02-22 13:44:09',NULL,NULL),
('B3F3',8,0,'FROM ST. 8','2026-02-22 13:44:09',NULL,NULL),
('B3F4',8,0,'FROM ST. 8','2026-02-22 13:44:09',NULL,NULL),
('B3F5',8,0,'FROM ST. 8','2026-02-22 13:44:09',NULL,NULL),
('B3F6',8,0,'FROM ST. 8','2026-02-22 13:44:09',NULL,NULL),
('B3F7',8,0,'FROM ST. 8','2026-02-22 13:44:09',NULL,NULL),
('B3F8',8,0,'FROM ST. 8','2026-02-22 13:44:09',NULL,NULL),
('B3F9',8,0,'FROM ST. 8','2026-02-22 13:44:09',NULL,NULL),
('B3FA',8,0,'FROM ST. 8','2026-02-22 13:44:09',NULL,NULL),
('B3FB',8,0,'FROM ST. 8','2026-02-22 13:44:09',NULL,NULL),
('B3FC',8,0,'FROM ST. 8','2026-02-22 13:44:09',NULL,NULL),
('B3FD',8,0,'FROM ST. 8','2026-02-22 13:44:09',NULL,NULL),
('B3FE',8,0,'FROM ST. 8','2026-02-22 13:44:09',NULL,NULL),
('B3FF',8,0,'FROM ST. 8','2026-02-22 13:44:09',NULL,NULL),
('B4',1,0,'FROM ST. 1','2026-02-22 13:44:09',NULL,NULL),
('B40',1,0,'FROM ST. 1','2026-02-22 13:44:09',NULL,NULL),
('B400',9,0,'L10:EMERGENCY STOP (CPB) FROM ST. 9','2026-02-22 13:44:09',NULL,NULL),
('B401',9,0,'L11:EMERGENCY STOP (OP-1) FROM ST. 9','2026-02-22 13:44:09',NULL,NULL),
('B402',9,0,'L12:EMERGENCY STOP 2 (OP-1) FROM ST. 9','2026-02-22 13:44:09',NULL,NULL),
('B403',9,0,'L13:EMERGENCY STOP (OP-2) FROM ST. 9','2026-02-22 13:44:09',NULL,NULL),
('B40A',9,0,'L20:SAFETY PLUG 1 FROM ST. 9','2026-02-22 13:44:09',NULL,NULL),
('B40B',9,0,'L21:SAFETY PLUG 2 FROM ST. 9','2026-02-22 13:44:09',NULL,NULL),
('B40C',9,0,'FROM ST. 9','2026-02-22 13:44:09',NULL,NULL),
('B40D',9,0,'FROM ST. 9','2026-02-22 13:44:09',NULL,NULL),
('B40E',9,0,'FROM ST. 9','2026-02-22 13:44:09',NULL,NULL),
('B40F',9,0,'FROM ST. 9','2026-02-22 13:44:09',NULL,NULL),
('B41',1,0,'FROM ST. 1','2026-02-22 13:44:09',NULL,NULL),
('B410',9,0,'L70:AIR PRESSURE LOW FROM ST. 9','2026-02-22 13:44:09',NULL,NULL),
('B411',9,0,'FROM ST. 9','2026-02-22 13:44:09',NULL,NULL),
('B412',9,0,'FROM ST. 9','2026-02-22 13:44:09',NULL,NULL),
('B413',9,0,'FROM ST. 9','2026-02-22 13:44:09',NULL,NULL),
('B414',9,0,'FROM ST. 9','2026-02-22 13:44:09',NULL,NULL),
('B415',9,0,'FROM ST. 9','2026-02-22 13:44:09',NULL,NULL),
('B416',9,0,'FROM ST. 9','2026-02-22 13:44:09',NULL,NULL),
('B417',9,0,'FROM ST. 9','2026-02-22 13:44:09',NULL,NULL),
('B418',9,0,'FROM ST. 9','2026-02-22 13:44:09',NULL,NULL),
('B419',9,0,'FROM ST. 9','2026-02-22 13:44:09',NULL,NULL),
('B41A',9,0,'FROM ST. 9','2026-02-22 13:44:09',NULL,NULL),
('B41B',9,0,'FROM ST. 9','2026-02-22 13:44:09',NULL,NULL),
('B41C',9,0,'FROM ST. 9','2026-02-22 13:44:09',NULL,NULL),
('B41D',9,0,'FROM ST. 9','2026-02-22 13:44:09',NULL,NULL),
('B41E',9,0,'FROM ST. 9','2026-02-22 13:44:09',NULL,NULL),
('B41F',9,0,'FROM ST. 9','2026-02-22 13:44:09',NULL,NULL),
('B42',1,0,'FROM ST. 1','2026-02-22 13:44:09',NULL,NULL),
('B420',9,0,'L30:OUTPUT CARD FUSE TRIP FROM ST. 9','2026-02-22 13:44:09',NULL,NULL),
('B421',9,0,'L31:I/O UNIT CHECK FROM ST. 9','2026-02-22 13:44:09',NULL,NULL),
('B422',9,0,'L32:AC DOWN DETECT FROM ST. 9','2026-02-22 13:44:09',NULL,NULL),
('B423',9,0,'L33:OPERATION ERROR FROM ST. 9','2026-02-22 13:44:09',NULL,NULL),
('B424',9,0,'L40:BATTERY FAULT FROM ST. 9','2026-02-22 13:44:09',NULL,NULL),
('B425',9,0,'FROM ST. 9','2026-02-22 13:44:09',NULL,NULL),
('B426',9,0,'FROM ST. 9','2026-02-22 13:44:09',NULL,NULL),
('B427',9,0,'FROM ST. 9','2026-02-22 13:44:09',NULL,NULL),
('B428',9,0,'FROM ST. 9','2026-02-22 13:44:09',NULL,NULL),
('B429',9,0,'FROM ST. 9','2026-02-22 13:44:09',NULL,NULL),
('B42A',9,0,'FROM ST. 9','2026-02-22 13:44:09',NULL,NULL),
('B42B',9,0,'FROM ST. 9','2026-02-22 13:44:09',NULL,NULL),
('B42C',9,0,'FROM ST. 9','2026-02-22 13:44:09',NULL,NULL),
('B42D',9,0,'FROM ST. 9','2026-02-22 13:44:09',NULL,NULL),
('B42E',9,0,'FROM ST. 9','2026-02-22 13:44:09',NULL,NULL),
('B42F',9,0,'FROM ST. 9','2026-02-22 13:44:09',NULL,NULL),
('B43',1,0,'DOWN CHECK NG FROM ST. 1','2026-02-22 13:44:09',NULL,NULL),
('B430',9,0,'L51:CC-LINK FAULT FROM ST. 9','2026-02-22 13:44:09',NULL,NULL),
('B431',9,0,'FROM ST. 9','2026-02-22 13:44:09',NULL,NULL),
('B432',9,0,'FROM ST. 9','2026-02-22 13:44:09',NULL,NULL),
('B433',9,0,'FROM ST. 9','2026-02-22 13:44:09',NULL,NULL),
('B434',9,0,'FROM ST. 9','2026-02-22 13:44:09',NULL,NULL),
('B435',9,0,'FROM ST. 9','2026-02-22 13:44:09',NULL,NULL),
('B436',9,0,'FROM ST. 9','2026-02-22 13:44:09',NULL,NULL),
('B437',9,0,'FROM ST. 9','2026-02-22 13:44:09',NULL,NULL),
('B438',9,0,'FROM ST. 9','2026-02-22 13:44:09',NULL,NULL),
('B439',9,0,'FROM ST. 9','2026-02-22 13:44:09',NULL,NULL),
('B43A',9,0,'FROM ST. 9','2026-02-22 13:44:09',NULL,NULL),
('B43B',9,0,'FROM ST. 9','2026-02-22 13:44:09',NULL,NULL),
('B43C',9,0,'FROM ST. 9','2026-02-22 13:44:09',NULL,NULL),
('B43D',9,0,'FROM ST. 9','2026-02-22 13:44:09',NULL,NULL),
('B43E',9,0,'FROM ST. 9','2026-02-22 13:44:09',NULL,NULL),
('B43F',9,0,'FROM ST. 9','2026-02-22 13:44:09',NULL,NULL),
('B44',1,0,'NUT FASTENING COUNT NG FROM ST. 1','2026-02-22 13:44:09',NULL,NULL),
('B440',9,0,'L60:CV.0040 OVERLOAD TRIP FROM ST. 9','2026-02-22 13:44:09',NULL,NULL),
('B441',9,0,'L61:INV.0011 TRIP FROM ST. 9','2026-02-22 13:44:09',NULL,NULL),
('B442',9,0,'L62:INV.0020 TRIP FROM ST. 9','2026-02-22 13:44:09',NULL,NULL),
('B443',9,0,'L63:INV.0031 TRIP FROM ST. 9','2026-02-22 13:44:09',NULL,NULL),
('B444',9,0,'FROM ST. 9','2026-02-22 13:44:09',NULL,NULL),
('B445',9,0,'FROM ST. 9','2026-02-22 13:44:09',NULL,NULL),
('B446',9,0,'FROM ST. 9','2026-02-22 13:44:09',NULL,NULL),
('B447',9,0,'FROM ST. 9','2026-02-22 13:44:09',NULL,NULL),
('B448',9,0,'FROM ST. 9','2026-02-22 13:44:09',NULL,NULL),
('B449',9,0,'FROM ST. 9','2026-02-22 13:44:09',NULL,NULL),
('B44A',9,0,'FROM ST. 9','2026-02-22 13:44:09',NULL,NULL),
('B44B',9,0,'FROM ST. 9','2026-02-22 13:44:09',NULL,NULL),
('B44C',9,0,'FROM ST. 9','2026-02-22 13:44:09',NULL,NULL),
('B44D',9,0,'FROM ST. 9','2026-02-22 13:44:09',NULL,NULL),
('B44E',9,0,'FROM ST. 9','2026-02-22 13:44:09',NULL,NULL),
('B44F',9,0,'FROM ST. 9','2026-02-22 13:44:09',NULL,NULL),
('B45',1,0,'BOLT FASTENING COUNT NG FROM ST. 1','2026-02-22 13:44:09',NULL,NULL),
('B450',9,0,'M1070:MAIN CV.0020 JIG PRESENT.1 STOP FROM ST. 9','2026-02-22 13:44:09',NULL,NULL),
('B451',9,0,'M1072:MAIN CV.0020 JIG PRESENT.2 STOP FROM ST. 9','2026-02-22 13:44:09',NULL,NULL),
('B452',9,0,'M1077:NUT RUNNER NOT COMPLETE CYCLE FROM ST. 9','2026-02-22 13:44:09',NULL,NULL),
('B453',9,0,'M1080:PALLET ORIENTATION DETECT ERROR FROM ST. 9','2026-02-22 13:44:09',NULL,NULL),
('B454',9,0,'M1082:PALLET ARM DETECT ERROR FROM ST. 9','2026-02-22 13:44:09',NULL,NULL),
('B455',9,0,'M1085:PRODUCT DETECT ERROR FROM ST. 9','2026-02-22 13:44:09',NULL,NULL),
('B456',9,0,'M1090:ROPE SWITCH EMERGENCY STOP FROM ST. 9','2026-02-22 13:44:09',NULL,NULL),
('B457',9,1,'M1097:ROPE SWITCH TEMPORARY STOP FROM ST. 9','2026-02-22 13:45:43',NULL,NULL),
('B458',9,0,'L1063:AREA SENSOR DETECT ERROR FROM ST. 9','2026-02-22 13:44:09',NULL,NULL),
('B459',9,0,'FROM ST. 9','2026-02-22 13:44:09',NULL,NULL),
('B45A',9,0,'FROM ST. 9','2026-02-22 13:44:09',NULL,NULL),
('B45B',9,0,'FROM ST. 9','2026-02-22 13:44:09',NULL,NULL),
('B45C',9,0,'FROM ST. 9','2026-02-22 13:44:09',NULL,NULL),
('B45D',9,0,'FROM ST. 9','2026-02-22 13:44:09',NULL,NULL),
('B45E',9,0,'FROM ST. 9','2026-02-22 13:44:09',NULL,NULL),
('B45F',9,0,'FROM ST. 9','2026-02-22 13:44:09',NULL,NULL),
('B46',1,0,'SLIDE CHECK NG FROM ST. 1','2026-02-22 13:44:09',NULL,NULL),
('B460',9,0,'L1500:LIFTER 0010 RUN TIME OVER FROM ST. 9','2026-02-22 13:44:09',NULL,NULL),
('B461',9,0,'L1501:LIFTER 0010 SENSOR SHORT FROM ST. 9','2026-02-22 13:44:09',NULL,NULL),
('B462',9,0,'L1502:LIFTER 0010 UP NON-INTER FAULT FROM ST. 9','2026-02-22 13:44:09',NULL,NULL),
('B463',9,0,'L1503:LIFTER 0010 DOWN NON-INTER FAULT FROM ST. 9','2026-02-22 13:44:09',NULL,NULL),
('B464',9,0,'L1520:LIFTER 0012 RUN TIME OVER FROM ST. 9','2026-02-22 13:44:09',NULL,NULL),
('B465',9,0,'L1521:LIFTER 0012 SENSOR SHORT FROM ST. 9','2026-02-22 13:44:09',NULL,NULL),
('B466',9,0,'L1540:LIFTER CARRIER 0011 RUN TIME OVER FROM ST. 9','2026-02-22 13:44:09',NULL,NULL),
('B467',9,0,'L1541:LIFTER CARRIER 0011 OVER RUN FROM ST. 9','2026-02-22 13:44:09',NULL,NULL),
('B468',9,0,'L1660:LIFTER CARRIER 0031 RUN TIME OVER FROM ST. 9','2026-02-22 13:44:09',NULL,NULL),
('B469',9,0,'L1661:LIFTER CARRIER 0031 OVER RUN FROM ST. 9','2026-02-22 13:44:09',NULL,NULL),
('B46A',9,0,'L1690:LIFTER 0030 RUN TIME OVER FROM ST. 9','2026-02-22 13:44:09',NULL,NULL),
('B46B',9,0,'L1691:LIFTER 0030 SENSOR SHORT FROM ST. 9','2026-02-22 13:44:09',NULL,NULL),
('B46C',9,0,'L1692:LIFTER 0030 UP NON-INTER FAULT FROM ST. 9','2026-02-22 13:44:09',NULL,NULL),
('B46D',9,0,'L1693:LIFTER 0030 DOWN NON-INTER FAULT FROM ST. 9','2026-02-22 13:44:09',NULL,NULL),
('B46E',9,0,'L1710:LIFTER 0032 RUN TIME OVER FROM ST. 9','2026-02-22 13:44:09',NULL,NULL),
('B46F',9,0,'L1711:LIFTER 0032 SENSOR SHORT FROM ST. 9','2026-02-22 13:44:09',NULL,NULL),
('B47',1,0,'YHA 13SOCKET TWICE FASTEN NG FROM ST. 1','2026-02-22 13:44:09',NULL,NULL),
('B470',9,0,'L1730:ST.0041 RUN TIME OVER FROM ST. 9','2026-02-22 13:44:09',NULL,NULL),
('B47D',9,0,'FROM ST. 9','2026-02-22 13:44:09',NULL,NULL),
('B47E',9,0,'FROM ST. 9','2026-02-22 13:44:09',NULL,NULL),
('B47F',9,0,'FROM ST. 9','2026-02-22 13:44:09',NULL,NULL),
('B48',1,0,'YHA TORX TWICE FASTEN NG FROM ST. 1','2026-02-22 13:44:09',NULL,NULL),
('B480',10,0,'(F)_BLOWN_FUSE_DETECTION FROM ST. 10','2026-02-22 13:44:09',NULL,NULL),
('B481',10,0,'(F)_I/O_MODULE_COMP_ERROR FROM ST. 10','2026-02-22 13:44:09',NULL,NULL),
('B482',10,0,'(F)_AC_DOWN_DETECTION FROM ST. 10','2026-02-22 13:44:09',NULL,NULL),
('B483',10,0,'(F)_ARITHMETIC_ERROR FROM ST. 10','2026-02-22 13:44:09',NULL,NULL),
('B484',10,0,'(F)_BATTERY_VOLTAGE_DROP FROM ST. 10','2026-02-22 13:44:09',NULL,NULL),
('B485',10,0,'(F)_SPARE_F5 FROM ST. 10','2026-02-22 13:44:09',NULL,NULL),
('B486',10,0,'(F)_SPARE_F6 FROM ST. 10','2026-02-22 13:44:09',NULL,NULL),
('B487',10,0,'(F)_SPARE_F7 FROM ST. 10','2026-02-22 13:44:09',NULL,NULL),
('B488',10,0,'(F)_SPARE_F8 FROM ST. 10','2026-02-22 13:44:09',NULL,NULL),
('B489',10,0,'(F)_SPARE_F9 FROM ST. 10','2026-02-22 13:44:09',NULL,NULL),
('B48A',10,0,'(F)_SPARE_F10 FROM ST. 10','2026-02-22 13:44:09',NULL,NULL),
('B48B',10,0,'(F)_SPARE_F11 FROM ST. 10','2026-02-22 13:44:09',NULL,NULL),
('B48C',10,0,'(F)_SPARE_F12 FROM ST. 10','2026-02-22 13:44:09',NULL,NULL),
('B48D',10,0,'(F)_SPARE_F13 FROM ST. 10','2026-02-22 13:44:09',NULL,NULL),
('B48E',10,0,'(F)_SPARE_F14 FROM ST. 10','2026-02-22 13:44:09',NULL,NULL),
('B48F',10,0,'(F)_SPARE_F15 FROM ST. 10','2026-02-22 13:44:09',NULL,NULL),
('B49',1,0,'YL8 12SOCKET TWICE FASTEN NG FROM ST. 1','2026-02-22 13:44:09',NULL,NULL),
('B490',10,0,'(F)_SPARE_F16 FROM ST. 10','2026-02-22 13:44:09',NULL,NULL),
('B491',10,0,'(F)_SPARE_F17 FROM ST. 10','2026-02-22 13:44:09',NULL,NULL),
('B492',10,0,'(F)_SPARE_F18 FROM ST. 10','2026-02-22 13:44:09',NULL,NULL),
('B493',10,0,'(F)_SPARE_F19 FROM ST. 10','2026-02-22 13:44:09',NULL,NULL),
('B494',10,0,'(F)_SPARE_F20 FROM ST. 10','2026-02-22 13:44:09',NULL,NULL),
('B495',10,0,'(F)_EMERG_STOP FROM ST. 10','2026-02-22 13:44:09',NULL,NULL),
('B496',10,0,'(F)_AIR_PRESSURE FROM ST. 10','2026-02-22 13:44:09',NULL,NULL),
('B497',10,0,'FROM ST. 10','2026-02-22 13:44:09',NULL,NULL),
('B498',10,0,'FROM ST. 10','2026-02-22 13:44:09',NULL,NULL),
('B499',10,0,'FROM ST. 10','2026-02-22 13:44:09',NULL,NULL),
('B49A',10,0,'FROM ST. 10','2026-02-22 13:44:09',NULL,NULL),
('B49B',10,0,'FROM ST. 10','2026-02-22 13:44:09',NULL,NULL),
('B49C',10,0,'FROM ST. 10','2026-02-22 13:44:09',NULL,NULL),
('B49D',10,0,'FROM ST. 10','2026-02-22 13:44:09',NULL,NULL),
('B49E',10,0,'FROM ST. 10','2026-02-22 13:44:09',NULL,NULL),
('B49F',10,0,'FROM ST. 10','2026-02-22 13:44:09',NULL,NULL),
('B4A',1,0,'YL8 14SOCKET TWICE FASTEN NG FROM ST. 1','2026-02-22 13:44:09',NULL,NULL),
('B4A0',10,0,'FROM ST. 10','2026-02-22 13:44:09',NULL,NULL),
('B4A1',10,0,'FROM ST. 10','2026-02-22 13:44:09',NULL,NULL),
('B4A2',10,0,'FROM ST. 10','2026-02-22 13:44:09',NULL,NULL),
('B4A3',10,0,'FROM ST. 10','2026-02-22 13:44:09',NULL,NULL),
('B4A4',10,0,'FROM ST. 10','2026-02-22 13:44:09',NULL,NULL),
('B4A5',10,0,'FROM ST. 10','2026-02-22 13:44:09',NULL,NULL),
('B4A6',10,0,'FROM ST. 10','2026-02-22 13:44:09',NULL,NULL),
('B4A7',10,0,'FROM ST. 10','2026-02-22 13:44:09',NULL,NULL),
('B4A8',10,0,'FROM ST. 10','2026-02-22 13:44:09',NULL,NULL),
('B4A9',10,0,'FROM ST. 10','2026-02-22 13:44:09',NULL,NULL),
('B4AA',10,0,'FROM ST. 10','2026-02-22 13:44:09',NULL,NULL),
('B4AB',10,0,'FROM ST. 10','2026-02-22 13:44:09',NULL,NULL),
('B4AC',10,0,'FROM ST. 10','2026-02-22 13:44:09',NULL,NULL),
('B4AD',10,0,'FROM ST. 10','2026-02-22 13:44:09',NULL,NULL),
('B4AE',10,0,'FROM ST. 10','2026-02-22 13:44:09',NULL,NULL),
('B4AF',10,0,'FROM ST. 10','2026-02-22 13:44:09',NULL,NULL),
('B4B',1,0,'YL8 TORX TWICE FASTEN NG FROM ST. 1','2026-02-22 13:44:09',NULL,NULL),
('B4B0',10,0,'FROM ST. 10','2026-02-22 13:44:09',NULL,NULL),
('B4B1',10,0,'FROM ST. 10','2026-02-22 13:44:09',NULL,NULL),
('B4B2',10,0,'FROM ST. 10','2026-02-22 13:44:09',NULL,NULL),
('B4B3',10,0,'FROM ST. 10','2026-02-22 13:44:09',NULL,NULL),
('B4B4',10,0,'FROM ST. 10','2026-02-22 13:44:09',NULL,NULL),
('B4B5',10,0,'FROM ST. 10','2026-02-22 13:44:09',NULL,NULL),
('B4B6',10,0,'FROM ST. 10','2026-02-22 13:44:09',NULL,NULL),
('B4B7',10,0,'FROM ST. 10','2026-02-22 13:44:09',NULL,NULL),
('B4B8',10,0,'FROM ST. 10','2026-02-22 13:44:09',NULL,NULL),
('B4B9',10,0,'FROM ST. 10','2026-02-22 13:44:09',NULL,NULL),
('B4BA',10,0,'FROM ST. 10','2026-02-22 13:44:09',NULL,NULL),
('B4BB',10,0,'FROM ST. 10','2026-02-22 13:44:09',NULL,NULL),
('B4BC',10,0,'FROM ST. 10','2026-02-22 13:44:09',NULL,NULL),
('B4BD',10,0,'FROM ST. 10','2026-02-22 13:44:09',NULL,NULL),
('B4BE',10,0,'FROM ST. 10','2026-02-22 13:44:09',NULL,NULL),
('B4BF',10,0,'FROM ST. 10','2026-02-22 13:44:09',NULL,NULL),
('B4C',1,0,'FROM ST. 1','2026-02-22 13:44:09',NULL,NULL),
('B4C0',10,0,'FROM ST. 10','2026-02-22 13:44:09',NULL,NULL),
('B4C1',10,0,'FROM ST. 10','2026-02-22 13:44:09',NULL,NULL),
('B4C2',10,0,'FROM ST. 10','2026-02-22 13:44:09',NULL,NULL),
('B4C3',10,0,'FROM ST. 10','2026-02-22 13:44:09',NULL,NULL),
('B4C4',10,0,'FROM ST. 10','2026-02-22 13:44:09',NULL,NULL),
('B4C5',10,0,'FROM ST. 10','2026-02-22 13:44:09',NULL,NULL),
('B4C6',10,0,'FROM ST. 10','2026-02-22 13:44:09',NULL,NULL),
('B4C7',10,0,'FROM ST. 10','2026-02-22 13:44:09',NULL,NULL),
('B4C8',10,0,'FROM ST. 10','2026-02-22 13:44:09',NULL,NULL),
('B4C9',10,0,'FROM ST. 10','2026-02-22 13:44:09',NULL,NULL),
('B4CA',10,0,'FROM ST. 10','2026-02-22 13:44:09',NULL,NULL),
('B4CB',10,0,'FROM ST. 10','2026-02-22 13:44:09',NULL,NULL),
('B4CC',10,0,'FROM ST. 10','2026-02-22 13:44:09',NULL,NULL),
('B4CD',10,0,'FROM ST. 10','2026-02-22 13:44:09',NULL,NULL),
('B4CE',10,0,'FROM ST. 10','2026-02-22 13:44:09',NULL,NULL),
('B4CF',10,0,'FROM ST. 10','2026-02-22 13:44:09',NULL,NULL),
('B4D',1,0,'FROM ST. 1','2026-02-22 13:44:09',NULL,NULL),
('B4D0',10,0,'FROM ST. 10','2026-02-22 13:44:09',NULL,NULL),
('B4D1',10,0,'FROM ST. 10','2026-02-22 13:44:09',NULL,NULL),
('B4D2',10,0,'FROM ST. 10','2026-02-22 13:44:09',NULL,NULL),
('B4D3',10,0,'FROM ST. 10','2026-02-22 13:44:09',NULL,NULL),
('B4D4',10,0,'FROM ST. 10','2026-02-22 13:44:09',NULL,NULL),
('B4D5',10,0,'FROM ST. 10','2026-02-22 13:44:09',NULL,NULL),
('B4D6',10,0,'FROM ST. 10','2026-02-22 13:44:09',NULL,NULL),
('B4D7',10,0,'FROM ST. 10','2026-02-22 13:44:09',NULL,NULL),
('B4D8',10,0,'FROM ST. 10','2026-02-22 13:44:09',NULL,NULL),
('B4D9',10,0,'FROM ST. 10','2026-02-22 13:44:09',NULL,NULL),
('B4DA',10,0,'FROM ST. 10','2026-02-22 13:44:09',NULL,NULL),
('B4DB',10,0,'FROM ST. 10','2026-02-22 13:44:09',NULL,NULL),
('B4DC',10,0,'FROM ST. 10','2026-02-22 13:44:09',NULL,NULL),
('B4DD',10,0,'FROM ST. 10','2026-02-22 13:44:09',NULL,NULL),
('B4DE',10,0,'FROM ST. 10','2026-02-22 13:44:09',NULL,NULL),
('B4DF',10,0,'FROM ST. 10','2026-02-22 13:44:09',NULL,NULL),
('B4E',1,0,'FROM ST. 1','2026-02-22 13:44:09',NULL,NULL),
('B4E0',10,0,'FROM ST. 10','2026-02-22 13:44:09',NULL,NULL),
('B4E1',10,0,'FROM ST. 10','2026-02-22 13:44:09',NULL,NULL),
('B4E2',10,0,'FROM ST. 10','2026-02-22 13:44:09',NULL,NULL),
('B4E3',10,0,'FROM ST. 10','2026-02-22 13:44:09',NULL,NULL),
('B4E4',10,0,'FROM ST. 10','2026-02-22 13:44:09',NULL,NULL),
('B4E5',10,0,'FROM ST. 10','2026-02-22 13:44:09',NULL,NULL),
('B4E6',10,0,'FROM ST. 10','2026-02-22 13:44:09',NULL,NULL),
('B4E7',10,0,'FROM ST. 10','2026-02-22 13:44:09',NULL,NULL),
('B4E8',10,0,'FROM ST. 10','2026-02-22 13:44:09',NULL,NULL),
('B4E9',10,0,'FROM ST. 10','2026-02-22 13:44:09',NULL,NULL),
('B4EA',10,0,'FROM ST. 10','2026-02-22 13:44:09',NULL,NULL),
('B4EB',10,0,'FROM ST. 10','2026-02-22 13:44:09',NULL,NULL),
('B4EC',10,0,'FROM ST. 10','2026-02-22 13:44:09',NULL,NULL),
('B4ED',10,0,'FROM ST. 10','2026-02-22 13:44:09',NULL,NULL),
('B4EE',10,0,'FROM ST. 10','2026-02-22 13:44:09',NULL,NULL),
('B4EF',10,0,'FROM ST. 10','2026-02-22 13:44:09',NULL,NULL),
('B4F',1,0,'FROM ST. 1','2026-02-22 13:44:09',NULL,NULL),
('B4F0',10,0,'FROM ST. 10','2026-02-22 13:44:09',NULL,NULL),
('B4F1',10,0,'FROM ST. 10','2026-02-22 13:44:09',NULL,NULL),
('B4F2',10,0,'FROM ST. 10','2026-02-22 13:44:09',NULL,NULL),
('B4F3',10,0,'FROM ST. 10','2026-02-22 13:44:09',NULL,NULL),
('B4F4',10,0,'FROM ST. 10','2026-02-22 13:44:09',NULL,NULL),
('B4F5',10,0,'FROM ST. 10','2026-02-22 13:44:09',NULL,NULL),
('B4F6',10,0,'FROM ST. 10','2026-02-22 13:44:09',NULL,NULL),
('B4F7',10,0,'FROM ST. 10','2026-02-22 13:44:09',NULL,NULL),
('B4F8',10,0,'FROM ST. 10','2026-02-22 13:44:09',NULL,NULL),
('B4F9',10,0,'FROM ST. 10','2026-02-22 13:44:09',NULL,NULL),
('B4FA',10,0,'FROM ST. 10','2026-02-22 13:44:09',NULL,NULL),
('B4FB',10,0,'FROM ST. 10','2026-02-22 13:44:09',NULL,NULL),
('B4FC',10,0,'FROM ST. 10','2026-02-22 13:44:09',NULL,NULL),
('B4FD',10,0,'FROM ST. 10','2026-02-22 13:44:09',NULL,NULL),
('B4FE',10,0,'FROM ST. 10','2026-02-22 13:44:09',NULL,NULL),
('B4FF',10,0,'FROM ST. 10','2026-02-22 13:44:09',NULL,NULL),
('B5',1,0,'AIR LOW FAULT FROM ST. 1','2026-02-22 13:44:09',NULL,NULL),
('B50',1,0,'WORK SET FAULT(X70) FROM ST. 1','2026-02-22 13:44:09',NULL,NULL),
('B500',11,0,'PLC Error FROM ST. 11','2026-02-22 13:44:09',NULL,NULL),
('B501',11,0,'PLC Battery Low FROM ST. 11','2026-02-22 13:44:09',NULL,NULL),
('B502',11,0,'PLC FUSEBreak FROM ST. 11','2026-02-22 13:44:09',NULL,NULL),
('B503',11,0,'FROM ST. 11','2026-02-22 13:44:09',NULL,NULL),
('B504',11,0,'FROM ST. 11','2026-02-22 13:44:09',NULL,NULL),
('B505',11,0,'FROM ST. 11','2026-02-22 13:44:09',NULL,NULL),
('B506',11,0,'FROM ST. 11','2026-02-22 13:44:09',NULL,NULL),
('B507',11,0,'FROM ST. 11','2026-02-22 13:44:09',NULL,NULL),
('B508',11,0,'FROM ST. 11','2026-02-22 13:44:09',NULL,NULL),
('B509',11,0,'FROM ST. 11','2026-02-22 13:44:09',NULL,NULL),
('B50A',11,0,'FROM ST. 11','2026-02-22 13:44:09',NULL,NULL),
('B50B',11,0,'FROM ST. 11','2026-02-22 13:44:09',NULL,NULL),
('B50C',11,0,'FROM ST. 11','2026-02-22 13:44:09',NULL,NULL),
('B50D',11,0,'FROM ST. 11','2026-02-22 13:44:09',NULL,NULL),
('B50E',11,0,'FROM ST. 11','2026-02-22 13:44:09',NULL,NULL),
('B50F',11,0,'FROM ST. 11','2026-02-22 13:44:09',NULL,NULL),
('B51',1,0,'WORK SET FAULT(X71) FROM ST. 1','2026-02-22 13:44:09',NULL,NULL),
('B510',11,0,'FROM ST. 11','2026-02-22 13:44:09',NULL,NULL),
('B511',11,0,'FROM ST. 11','2026-02-22 13:44:09',NULL,NULL),
('B512',11,0,'FROM ST. 11','2026-02-22 13:44:09',NULL,NULL),
('B513',11,0,'FROM ST. 11','2026-02-22 13:44:09',NULL,NULL),
('B514',11,0,'FROM ST. 11','2026-02-22 13:44:09',NULL,NULL),
('B515',11,0,'FROM ST. 11','2026-02-22 13:44:09',NULL,NULL),
('B516',11,0,'FROM ST. 11','2026-02-22 13:44:09',NULL,NULL),
('B517',11,0,'FROM ST. 11','2026-02-22 13:44:09',NULL,NULL),
('B518',11,0,'FROM ST. 11','2026-02-22 13:44:09',NULL,NULL),
('B519',11,0,'FROM ST. 11','2026-02-22 13:44:09',NULL,NULL),
('B51A',11,0,'FROM ST. 11','2026-02-22 13:44:09',NULL,NULL),
('B51B',11,0,'FROM ST. 11','2026-02-22 13:44:09',NULL,NULL),
('B51C',11,0,'FROM ST. 11','2026-02-22 13:44:09',NULL,NULL),
('B51D',11,0,'FROM ST. 11','2026-02-22 13:44:09',NULL,NULL),
('B51E',11,0,'FROM ST. 11','2026-02-22 13:44:09',NULL,NULL),
('B51F',11,0,'FROM ST. 11','2026-02-22 13:44:09',NULL,NULL),
('B52',1,0,'WORK SET FAULT(X72) FROM ST. 1','2026-02-22 13:44:09',NULL,NULL),
('B520',11,0,'FROM ST. 11','2026-02-22 13:44:09',NULL,NULL),
('B521',11,0,'FROM ST. 11','2026-02-22 13:44:09',NULL,NULL),
('B522',11,0,'FROM ST. 11','2026-02-22 13:44:09',NULL,NULL),
('B523',11,0,'FROM ST. 11','2026-02-22 13:44:09',NULL,NULL),
('B524',11,0,'FROM ST. 11','2026-02-22 13:44:09',NULL,NULL),
('B525',11,0,'FROM ST. 11','2026-02-22 13:44:09',NULL,NULL),
('B526',11,0,'FROM ST. 11','2026-02-22 13:44:09',NULL,NULL),
('B527',11,0,'FROM ST. 11','2026-02-22 13:44:09',NULL,NULL),
('B528',11,0,'FROM ST. 11','2026-02-22 13:44:09',NULL,NULL),
('B529',11,0,'FROM ST. 11','2026-02-22 13:44:09',NULL,NULL),
('B52A',11,0,'FROM ST. 11','2026-02-22 13:44:09',NULL,NULL),
('B52B',11,0,'FROM ST. 11','2026-02-22 13:44:09',NULL,NULL),
('B52C',11,0,'FROM ST. 11','2026-02-22 13:44:09',NULL,NULL),
('B52D',11,0,'FROM ST. 11','2026-02-22 13:44:09',NULL,NULL),
('B52E',11,0,'FROM ST. 11','2026-02-22 13:44:09',NULL,NULL),
('B52F',11,0,'FROM ST. 11','2026-02-22 13:44:09',NULL,NULL),
('B53',1,0,'WORK SET FAULT(X73) FROM ST. 1','2026-02-22 13:44:09',NULL,NULL),
('B530',11,0,'FROM ST. 11','2026-02-22 13:44:09',NULL,NULL),
('B531',11,0,'FROM ST. 11','2026-02-22 13:44:09',NULL,NULL),
('B532',11,0,'FROM ST. 11','2026-02-22 13:44:09',NULL,NULL),
('B533',11,0,'FROM ST. 11','2026-02-22 13:44:09',NULL,NULL),
('B534',11,0,'FROM ST. 11','2026-02-22 13:44:09',NULL,NULL),
('B535',11,0,'FROM ST. 11','2026-02-22 13:44:09',NULL,NULL),
('B536',11,0,'FROM ST. 11','2026-02-22 13:44:09',NULL,NULL),
('B537',11,0,'FROM ST. 11','2026-02-22 13:44:09',NULL,NULL),
('B538',11,0,'FROM ST. 11','2026-02-22 13:44:09',NULL,NULL),
('B539',11,0,'FROM ST. 11','2026-02-22 13:44:09',NULL,NULL),
('B53A',11,0,'FROM ST. 11','2026-02-22 13:44:09',NULL,NULL),
('B53B',11,0,'FROM ST. 11','2026-02-22 13:44:09',NULL,NULL),
('B53C',11,0,'FROM ST. 11','2026-02-22 13:44:09',NULL,NULL),
('B53D',11,0,'FROM ST. 11','2026-02-22 13:44:09',NULL,NULL),
('B53E',11,0,'FROM ST. 11','2026-02-22 13:44:09',NULL,NULL),
('B53F',11,0,'FROM ST. 11','2026-02-22 13:44:09',NULL,NULL),
('B54',1,0,'WORK SET FAULT(X74) FROM ST. 1','2026-02-22 13:44:09',NULL,NULL),
('B540',11,0,'FROM ST. 11','2026-02-22 13:44:09',NULL,NULL),
('B541',11,0,'FROM ST. 11','2026-02-22 13:44:09',NULL,NULL),
('B542',11,0,'FROM ST. 11','2026-02-22 13:44:09',NULL,NULL),
('B543',11,0,'FROM ST. 11','2026-02-22 13:44:09',NULL,NULL),
('B544',11,0,'FROM ST. 11','2026-02-22 13:44:09',NULL,NULL),
('B545',11,0,'FROM ST. 11','2026-02-22 13:44:09',NULL,NULL),
('B546',11,0,'FROM ST. 11','2026-02-22 13:44:09',NULL,NULL),
('B547',11,0,'FROM ST. 11','2026-02-22 13:44:09',NULL,NULL),
('B548',11,0,'FROM ST. 11','2026-02-22 13:44:09',NULL,NULL),
('B549',11,0,'FROM ST. 11','2026-02-22 13:44:09',NULL,NULL),
('B54A',11,0,'FROM ST. 11','2026-02-22 13:44:09',NULL,NULL),
('B54B',11,0,'FROM ST. 11','2026-02-22 13:44:09',NULL,NULL),
('B54C',11,0,'FROM ST. 11','2026-02-22 13:44:09',NULL,NULL),
('B54D',11,0,'FROM ST. 11','2026-02-22 13:44:09',NULL,NULL),
('B54E',11,0,'FROM ST. 11','2026-02-22 13:44:09',NULL,NULL),
('B54F',11,0,'FROM ST. 11','2026-02-22 13:44:09',NULL,NULL),
('B55',1,0,'WORK SET FAULT(X75) FROM ST. 1','2026-02-22 13:44:09',NULL,NULL),
('B550',11,0,'FROM ST. 11','2026-02-22 13:44:09',NULL,NULL),
('B551',11,0,'FROM ST. 11','2026-02-22 13:44:09',NULL,NULL),
('B552',11,0,'FROM ST. 11','2026-02-22 13:44:09',NULL,NULL),
('B553',11,0,'FROM ST. 11','2026-02-22 13:44:09',NULL,NULL),
('B554',11,0,'FROM ST. 11','2026-02-22 13:44:09',NULL,NULL),
('B555',11,0,'FROM ST. 11','2026-02-22 13:44:09',NULL,NULL),
('B556',11,0,'FROM ST. 11','2026-02-22 13:44:09',NULL,NULL),
('B557',11,0,'FROM ST. 11','2026-02-22 13:44:09',NULL,NULL),
('B558',11,0,'FROM ST. 11','2026-02-22 13:44:09',NULL,NULL),
('B559',11,0,'FROM ST. 11','2026-02-22 13:44:09',NULL,NULL),
('B55A',11,0,'FROM ST. 11','2026-02-22 13:44:09',NULL,NULL),
('B55B',11,0,'FROM ST. 11','2026-02-22 13:44:09',NULL,NULL),
('B55C',11,0,'FROM ST. 11','2026-02-22 13:44:09',NULL,NULL),
('B55D',11,0,'FROM ST. 11','2026-02-22 13:44:09',NULL,NULL),
('B55E',11,0,'FROM ST. 11','2026-02-22 13:44:09',NULL,NULL),
('B55F',11,0,'FROM ST. 11','2026-02-22 13:44:09',NULL,NULL),
('B56',1,0,'WORK SET FAULT(X76) FROM ST. 1','2026-02-22 13:44:09',NULL,NULL),
('B560',11,0,'FROM ST. 11','2026-02-22 13:44:09',NULL,NULL),
('B561',11,0,'FROM ST. 11','2026-02-22 13:44:09',NULL,NULL),
('B562',11,0,'FROM ST. 11','2026-02-22 13:44:09',NULL,NULL),
('B563',11,0,'FROM ST. 11','2026-02-22 13:44:09',NULL,NULL),
('B564',11,0,'FROM ST. 11','2026-02-22 13:44:09',NULL,NULL),
('B565',11,0,'FROM ST. 11','2026-02-22 13:44:09',NULL,NULL),
('B566',11,0,'FROM ST. 11','2026-02-22 13:44:09',NULL,NULL),
('B567',11,0,'FROM ST. 11','2026-02-22 13:44:09',NULL,NULL),
('B568',11,0,'FROM ST. 11','2026-02-22 13:44:09',NULL,NULL),
('B569',11,0,'FROM ST. 11','2026-02-22 13:44:09',NULL,NULL),
('B56A',11,0,'FROM ST. 11','2026-02-22 13:44:09',NULL,NULL),
('B56B',11,0,'FROM ST. 11','2026-02-22 13:44:09',NULL,NULL),
('B56C',11,0,'FROM ST. 11','2026-02-22 13:44:09',NULL,NULL),
('B56D',11,0,'FROM ST. 11','2026-02-22 13:44:09',NULL,NULL),
('B56E',11,0,'FROM ST. 11','2026-02-22 13:44:09',NULL,NULL),
('B56F',11,0,'FROM ST. 11','2026-02-22 13:44:09',NULL,NULL),
('B57',1,0,'WORK SET FAULT(X77) FROM ST. 1','2026-02-22 13:44:09',NULL,NULL),
('B570',11,0,'FROM ST. 11','2026-02-22 13:44:09',NULL,NULL),
('B571',11,0,'FROM ST. 11','2026-02-22 13:44:09',NULL,NULL),
('B572',11,0,'FROM ST. 11','2026-02-22 13:44:09',NULL,NULL),
('B573',11,0,'FROM ST. 11','2026-02-22 13:44:09',NULL,NULL),
('B574',11,0,'FROM ST. 11','2026-02-22 13:44:09',NULL,NULL),
('B575',11,0,'FROM ST. 11','2026-02-22 13:44:09',NULL,NULL),
('B576',11,0,'FROM ST. 11','2026-02-22 13:44:09',NULL,NULL),
('B577',11,0,'FROM ST. 11','2026-02-22 13:44:09',NULL,NULL),
('B578',11,0,'FROM ST. 11','2026-02-22 13:44:09',NULL,NULL),
('B579',11,0,'FROM ST. 11','2026-02-22 13:44:09',NULL,NULL),
('B57A',11,0,'FROM ST. 11','2026-02-22 13:44:09',NULL,NULL),
('B57B',11,0,'FROM ST. 11','2026-02-22 13:44:09',NULL,NULL),
('B57C',11,0,'FROM ST. 11','2026-02-22 13:44:09',NULL,NULL),
('B57D',11,0,'FROM ST. 11','2026-02-22 13:44:09',NULL,NULL),
('B57E',11,0,'FROM ST. 11','2026-02-22 13:44:09',NULL,NULL),
('B57F',11,0,'FROM ST. 11','2026-02-22 13:44:09',NULL,NULL),
('B58',1,0,'WORK SET FAULT(X78) FROM ST. 1','2026-02-22 13:44:09',NULL,NULL),
('B580',12,0,'Synthesis Error FROM ST. 12','2026-02-22 13:44:09',NULL,NULL),
('B581',12,0,'PLC Error FROM ST. 12','2026-02-22 13:44:09',NULL,NULL),
('B582',12,0,'PLC Battery Low FROM ST. 12','2026-02-22 13:44:09',NULL,NULL),
('B583',12,0,'PLC FUSEBreak FROM ST. 12','2026-02-22 13:44:09',NULL,NULL),
('B584',12,0,'Poka01 PertinentNot DataError FROM ST. 12','2026-02-22 13:44:09',NULL,NULL),
('B585',12,0,'Poka02 PertinentNot DataError FROM ST. 12','2026-02-22 13:44:09',NULL,NULL),
('B586',12,0,'Poka03 PertinentNot DataError FROM ST. 12','2026-02-22 13:44:09',NULL,NULL),
('B587',12,0,'Poka04 PertinentNot DataError FROM ST. 12','2026-02-22 13:44:09',NULL,NULL),
('B588',12,0,'Poka05 PertinentNot DataError FROM ST. 12','2026-02-22 13:44:09',NULL,NULL),
('B589',12,0,'Poka06 PertinentNot DataError FROM ST. 12','2026-02-22 13:44:09',NULL,NULL),
('B58A',12,0,'Poka07 PertinentNot DataError FROM ST. 12','2026-02-22 13:44:09',NULL,NULL),
('B58B',12,0,'Poka08 PertinentNot DataError FROM ST. 12','2026-02-22 13:44:09',NULL,NULL),
('B58C',12,0,'Poka09 PertinentNot DataError FROM ST. 12','2026-02-22 13:44:09',NULL,NULL),
('B58D',12,0,'Poka10 PertinentNot DataError FROM ST. 12','2026-02-22 13:44:09',NULL,NULL),
('B58E',12,0,'Poka11 PertinentNot DataError FROM ST. 12','2026-02-22 13:44:09',NULL,NULL),
('B58F',12,0,'Poka12 PertinentNot DataError FROM ST. 12','2026-02-22 13:44:09',NULL,NULL),
('B59',1,0,'WORK SET FAULT(X79) FROM ST. 1','2026-02-22 13:44:09',NULL,NULL),
('B590',12,0,'Poka13 PertinentNot DataError FROM ST. 12','2026-02-22 13:44:09',NULL,NULL),
('B591',12,0,'Poka14 PertinentNot DataError FROM ST. 12','2026-02-22 13:44:09',NULL,NULL),
('B592',12,0,'Poka15 PertinentNot DataError FROM ST. 12','2026-02-22 13:44:09',NULL,NULL),
('B593',12,0,'Poka16 PertinentNot DataError FROM ST. 12','2026-02-22 13:44:09',NULL,NULL),
('B594',12,0,'Poka01 Picking MISS Error FROM ST. 12','2026-02-22 13:44:09',NULL,NULL),
('B595',12,0,'Poka02 Picking MISS Error FROM ST. 12','2026-02-22 13:44:09',NULL,NULL),
('B596',12,0,'Poka03 Picking MISS Error FROM ST. 12','2026-02-22 13:44:09',NULL,NULL),
('B597',12,0,'Poka04 Picking MISS Error FROM ST. 12','2026-02-22 13:44:09',NULL,NULL),
('B598',12,0,'Poka05 Picking MISS Error FROM ST. 12','2026-02-22 13:44:09',NULL,NULL),
('B599',12,0,'Poka06 Picking MISS Error FROM ST. 12','2026-02-22 13:44:09',NULL,NULL),
('B59A',12,0,'Poka07 Picking MISS Error FROM ST. 12','2026-02-22 13:44:09',NULL,NULL),
('B59B',12,0,'Poka08 Picking MISS Error FROM ST. 12','2026-02-22 13:44:09',NULL,NULL),
('B59C',12,0,'Poka09 Picking MISS Error FROM ST. 12','2026-02-22 13:44:09',NULL,NULL),
('B59D',12,0,'Poka10 Picking MISS Error FROM ST. 12','2026-02-22 13:44:09',NULL,NULL),
('B59E',12,0,'Poka11 Picking MISS Error FROM ST. 12','2026-02-22 13:44:09',NULL,NULL),
('B59F',12,0,'Poka12 Picking MISS Error FROM ST. 12','2026-02-22 13:44:09',NULL,NULL),
('B5A',1,0,'WORK DETECT SENSOR FAULT(X70) FROM ST. 1','2026-02-22 13:44:09',NULL,NULL),
('B5A0',12,0,'Poka13 Picking MISS Error FROM ST. 12','2026-02-22 13:44:09',NULL,NULL),
('B5A1',12,0,'Poka14 Picking MISS Error FROM ST. 12','2026-02-22 13:44:09',NULL,NULL),
('B5A2',12,0,'Poka15 Picking MISS Error FROM ST. 12','2026-02-22 13:44:09',NULL,NULL),
('B5A3',12,0,'Poka16 Picking MISS Error FROM ST. 12','2026-02-22 13:44:09',NULL,NULL),
('B5A4',12,0,'Poka01 Process Unfinished Error FROM ST. 12','2026-02-22 13:44:09',NULL,NULL),
('B5A5',12,0,'Poka02 Process Unfinished Error FROM ST. 12','2026-02-22 13:44:09',NULL,NULL),
('B5A6',12,0,'Poka03 Process Unfinished Error FROM ST. 12','2026-02-22 13:44:09',NULL,NULL),
('B5A7',12,0,'Poka04 Process Unfinished Error FROM ST. 12','2026-02-22 13:44:09',NULL,NULL),
('B5A8',12,0,'Poka05 Process Unfinished Error FROM ST. 12','2026-02-22 13:44:09',NULL,NULL),
('B5A9',12,0,'Poka06 Process Unfinished Error FROM ST. 12','2026-02-22 13:44:09',NULL,NULL),
('B5AA',12,0,'Poka07 Process Unfinished Error FROM ST. 12','2026-02-22 13:44:09',NULL,NULL),
('B5AB',12,0,'Poka08 Process Unfinished Error FROM ST. 12','2026-02-22 13:44:09',NULL,NULL),
('B5AC',12,0,'Poka09 Process Unfinished Error FROM ST. 12','2026-02-22 13:44:09',NULL,NULL),
('B5AD',12,0,'Poka10 Process Unfinished Error FROM ST. 12','2026-02-22 13:44:09',NULL,NULL),
('B5AE',12,0,'Poka11 Process Unfinished Error FROM ST. 12','2026-02-22 13:44:09',NULL,NULL),
('B5AF',12,0,'Poka12 Process Unfinished Error FROM ST. 12','2026-02-22 13:44:09',NULL,NULL),
('B5B',1,0,'WORK DETECT SENSOR FAULT(X71) FROM ST. 1','2026-02-22 13:44:09',NULL,NULL),
('B5B0',12,0,'Poka13 Process Unfinished Error FROM ST. 12','2026-02-22 13:44:09',NULL,NULL),
('B5B1',12,0,'Poka14 Process Unfinished Error FROM ST. 12','2026-02-22 13:44:09',NULL,NULL),
('B5B2',12,0,'Poka15 Process Unfinished Error FROM ST. 12','2026-02-22 13:44:09',NULL,NULL),
('B5B3',12,0,'Poka16 Process Unfinished Error FROM ST. 12','2026-02-22 13:44:09',NULL,NULL),
('B5B4',12,0,'Poka01 Process Delay Stop FROM ST. 12','2026-02-22 13:44:09',NULL,NULL),
('B5B5',12,0,'Poka02 Process Delay Stop FROM ST. 12','2026-02-22 13:44:09',NULL,NULL),
('B5B6',12,0,'Poka03 Process Delay Stop FROM ST. 12','2026-02-22 13:44:09',NULL,NULL),
('B5B7',12,0,'Poka04 Process Delay Stop FROM ST. 12','2026-02-22 13:44:09',NULL,NULL),
('B5B8',12,0,'Poka05 Process Delay Stop FROM ST. 12','2026-02-22 13:44:09',NULL,NULL),
('B5B9',12,0,'Poka06 Process Delay Stop FROM ST. 12','2026-02-22 13:44:09',NULL,NULL),
('B5BA',12,0,'Poka07 Process Delay Stop FROM ST. 12','2026-02-22 13:44:09',NULL,NULL),
('B5BB',12,0,'Poka08 Process Delay Stop FROM ST. 12','2026-02-22 13:44:09',NULL,NULL),
('B5BC',12,0,'Poka09 Process Delay Stop FROM ST. 12','2026-02-22 13:44:09',NULL,NULL),
('B5BD',12,0,'Poka10 Process Delay Stop FROM ST. 12','2026-02-22 13:44:09',NULL,NULL),
('B5BE',12,0,'Poka11 Process Delay Stop FROM ST. 12','2026-02-22 13:44:09',NULL,NULL),
('B5BF',12,0,'Poka12 Process Delay Stop FROM ST. 12','2026-02-22 13:44:09',NULL,NULL),
('B5C',1,0,'WORK DETECT SENSOR FAULT(X72) FROM ST. 1','2026-02-22 13:44:09',NULL,NULL),
('B5C0',12,0,'Poka13 Process Delay Stop FROM ST. 12','2026-02-22 13:44:09',NULL,NULL),
('B5C1',12,0,'Poka14 Process Delay Stop FROM ST. 12','2026-02-22 13:44:09',NULL,NULL),
('B5C2',12,0,'Poka15 Process Delay Stop FROM ST. 12','2026-02-22 13:44:09',NULL,NULL),
('B5C3',12,0,'Poka16 Process Delay Stop FROM ST. 12','2026-02-22 13:44:09',NULL,NULL),
('B5C4',12,0,'Poka01 Data Reception Delay Stop FROM ST. 12','2026-02-22 13:44:09',NULL,NULL),
('B5C5',12,0,'Poka02 Data Reception Delay Stop FROM ST. 12','2026-02-22 13:44:09',NULL,NULL),
('B5C6',12,0,'Poka03 Data Reception Delay Stop FROM ST. 12','2026-02-22 13:44:09',NULL,NULL),
('B5C7',12,0,'Poka04 Data Reception Delay Stop FROM ST. 12','2026-02-22 13:44:09',NULL,NULL),
('B5C8',12,0,'Poka05 Data Reception Delay Stop FROM ST. 12','2026-02-22 13:44:09',NULL,NULL),
('B5C9',12,0,'Poka06 Data Reception Delay Stop FROM ST. 12','2026-02-22 13:44:09',NULL,NULL),
('B5CA',12,0,'Poka07 Data Reception Delay Stop FROM ST. 12','2026-02-22 13:44:09',NULL,NULL),
('B5CB',12,0,'Poka08 Data Reception Delay Stop FROM ST. 12','2026-02-22 13:44:09',NULL,NULL),
('B5CC',12,0,'Poka09 Data Reception Delay Stop FROM ST. 12','2026-02-22 13:44:09',NULL,NULL),
('B5CD',12,0,'Poka10 Data Reception Delay Stop FROM ST. 12','2026-02-22 13:44:09',NULL,NULL),
('B5CE',12,0,'Poka11 Data Reception Delay Stop FROM ST. 12','2026-02-22 13:44:09',NULL,NULL),
('B5CF',12,0,'Poka12 Data Reception Delay Stop FROM ST. 12','2026-02-22 13:44:09',NULL,NULL),
('B5D',1,0,'WORK DETECT SENSOR FAULT(X73) FROM ST. 1','2026-02-22 13:44:09',NULL,NULL),
('B5D0',12,0,'Poka13 Data Reception Delay Stop FROM ST. 12','2026-02-22 13:44:09',NULL,NULL),
('B5D1',12,0,'Poka14 Data Reception Delay Stop FROM ST. 12','2026-02-22 13:44:09',NULL,NULL),
('B5D2',12,0,'Poka15 Data Reception Delay Stop FROM ST. 12','2026-02-22 13:44:09',NULL,NULL),
('B5D3',12,0,'Poka16 Data Reception Delay Stop FROM ST. 12','2026-02-22 13:44:09',NULL,NULL),
('B5E',1,0,'WORK DETECT SENSOR FAULT(X74) FROM ST. 1','2026-02-22 13:44:09',NULL,NULL),
('B5E4',12,0,'FROM ST. 12','2026-02-22 13:44:09',NULL,NULL),
('B5E5',12,0,'FROM ST. 12','2026-02-22 13:44:09',NULL,NULL),
('B5E6',12,0,'FROM ST. 12','2026-02-22 13:44:09',NULL,NULL),
('B5E7',12,0,'FROM ST. 12','2026-02-22 13:44:09',NULL,NULL),
('B5E8',12,0,'FROM ST. 12','2026-02-22 13:44:09',NULL,NULL),
('B5E9',12,0,'FROM ST. 12','2026-02-22 13:44:09',NULL,NULL),
('B5EA',12,0,'FROM ST. 12','2026-02-22 13:44:09',NULL,NULL),
('B5EB',12,0,'FROM ST. 12','2026-02-22 13:44:09',NULL,NULL),
('B5EC',12,0,'FROM ST. 12','2026-02-22 13:44:09',NULL,NULL),
('B5ED',12,0,'FROM ST. 12','2026-02-22 13:44:09',NULL,NULL),
('B5EE',12,0,'FROM ST. 12','2026-02-22 13:44:09',NULL,NULL),
('B5EF',12,0,'FROM ST. 12','2026-02-22 13:44:09',NULL,NULL),
('B5F',1,0,'WORK DETECT SENSOR FAULT(X75) FROM ST. 1','2026-02-22 13:44:09',NULL,NULL),
('B5F0',12,0,'FROM ST. 12','2026-02-22 13:44:09',NULL,NULL),
('B5F1',12,0,'FROM ST. 12','2026-02-22 13:44:09',NULL,NULL),
('B5F2',12,0,'FROM ST. 12','2026-02-22 13:44:09',NULL,NULL),
('B5F3',12,0,'FROM ST. 12','2026-02-22 13:44:09',NULL,NULL),
('B5F4',12,0,'FROM ST. 12','2026-02-22 13:44:09',NULL,NULL),
('B5F5',12,0,'FROM ST. 12','2026-02-22 13:44:09',NULL,NULL),
('B5F6',12,0,'FROM ST. 12','2026-02-22 13:44:09',NULL,NULL),
('B5F7',12,0,'FROM ST. 12','2026-02-22 13:44:09',NULL,NULL),
('B5F8',12,0,'FROM ST. 12','2026-02-22 13:44:09',NULL,NULL),
('B5F9',12,0,'FROM ST. 12','2026-02-22 13:44:09',NULL,NULL),
('B5FA',12,0,'FROM ST. 12','2026-02-22 13:44:09',NULL,NULL),
('B5FB',12,0,'FROM ST. 12','2026-02-22 13:44:09',NULL,NULL),
('B5FC',12,0,'FROM ST. 12','2026-02-22 13:44:09',NULL,NULL),
('B5FD',12,0,'FROM ST. 12','2026-02-22 13:44:09',NULL,NULL),
('B5FE',12,0,'FROM ST. 12','2026-02-22 13:44:09',NULL,NULL),
('B5FF',12,0,'FROM ST. 12','2026-02-22 13:44:09',NULL,NULL),
('B6',1,0,'FROM ST. 1','2026-02-22 13:44:09',NULL,NULL),
('B60',1,0,'WORK DETECT SENSOR FAULT(X76) FROM ST. 1','2026-02-22 13:44:09',NULL,NULL),
('B600',13,0,'L10:EMERGENCY STOP (CPA) FROM ST. 13','2026-02-22 13:44:09',NULL,NULL),
('B601',13,0,'L11:EMERGENCY STOP (OP-1) FROM ST. 13','2026-02-22 13:44:09',NULL,NULL),
('B602',13,0,'L12:EMERGENCY STOP 2 (OP-1) FROM ST. 13','2026-02-22 13:44:09',NULL,NULL),
('B603',13,0,'L13:EMERGENCY STOP (OP-2) FROM ST. 13','2026-02-22 13:44:09',NULL,NULL),
('B604',13,0,'FROM ST. 13','2026-02-22 13:44:09',NULL,NULL),
('B605',13,0,'FROM ST. 13','2026-02-22 13:44:09',NULL,NULL),
('B606',13,0,'FROM ST. 13','2026-02-22 13:44:09',NULL,NULL),
('B607',13,0,'FROM ST. 13','2026-02-22 13:44:09',NULL,NULL),
('B608',13,0,'FROM ST. 13','2026-02-22 13:44:09',NULL,NULL),
('B609',13,0,'FROM ST. 13','2026-02-22 13:44:09',NULL,NULL),
('B60A',13,0,'L20:SAFETY PLUG 1 FROM ST. 13','2026-02-22 13:44:09',NULL,NULL),
('B60B',13,0,'L21:SAFETY PLUG 2 FROM ST. 13','2026-02-22 13:44:09',NULL,NULL),
('B60C',13,0,'FROM ST. 13','2026-02-22 13:44:09',NULL,NULL),
('B60D',13,0,'FROM ST. 13','2026-02-22 13:44:09',NULL,NULL),
('B60E',13,0,'FROM ST. 13','2026-02-22 13:44:09',NULL,NULL),
('B60F',13,0,'FROM ST. 13','2026-02-22 13:44:09',NULL,NULL),
('B61',1,0,'WORK DETECT SENSOR FAULT(X77) FROM ST. 1','2026-02-22 13:44:09',NULL,NULL),
('B610',13,0,'L70:AIR PRESSURE LOW FROM ST. 13','2026-02-22 13:44:09',NULL,NULL),
('B611',13,0,'FROM ST. 13','2026-02-22 13:44:09',NULL,NULL),
('B612',13,0,'FROM ST. 13','2026-02-22 13:44:09',NULL,NULL),
('B613',13,0,'FROM ST. 13','2026-02-22 13:44:09',NULL,NULL),
('B614',13,0,'FROM ST. 13','2026-02-22 13:44:09',NULL,NULL),
('B615',13,0,'FROM ST. 13','2026-02-22 13:44:09',NULL,NULL),
('B616',13,0,'FROM ST. 13','2026-02-22 13:44:09',NULL,NULL),
('B617',13,0,'FROM ST. 13','2026-02-22 13:44:09',NULL,NULL),
('B618',13,0,'FROM ST. 13','2026-02-22 13:44:09',NULL,NULL),
('B619',13,0,'FROM ST. 13','2026-02-22 13:44:09',NULL,NULL),
('B61A',13,0,'FROM ST. 13','2026-02-22 13:44:09',NULL,NULL),
('B61B',13,0,'FROM ST. 13','2026-02-22 13:44:09',NULL,NULL),
('B61C',13,0,'FROM ST. 13','2026-02-22 13:44:09',NULL,NULL),
('B61D',13,0,'FROM ST. 13','2026-02-22 13:44:09',NULL,NULL),
('B61E',13,0,'FROM ST. 13','2026-02-22 13:44:09',NULL,NULL),
('B61F',13,0,'FROM ST. 13','2026-02-22 13:44:09',NULL,NULL),
('B62',1,0,'WORK DETECT SENSOR FAULT(X78) FROM ST. 1','2026-02-22 13:44:09',NULL,NULL),
('B620',13,0,'L30:OUTPUT CARD FUSE TRIP FROM ST. 13','2026-02-22 13:44:09',NULL,NULL),
('B621',13,0,'L31:I/O UNIT CHECK FROM ST. 13','2026-02-22 13:44:09',NULL,NULL),
('B622',13,0,'L32:AC DOWN DETECT FROM ST. 13','2026-02-22 13:44:09',NULL,NULL),
('B623',13,0,'L33:OPERATION ERROR FROM ST. 13','2026-02-22 13:44:09',NULL,NULL),
('B624',13,0,'L40:BATTERY FAULT FROM ST. 13','2026-02-22 13:44:09',NULL,NULL),
('B625',13,0,'FROM ST. 13','2026-02-22 13:44:09',NULL,NULL),
('B626',13,0,'FROM ST. 13','2026-02-22 13:44:09',NULL,NULL),
('B627',13,0,'FROM ST. 13','2026-02-22 13:44:09',NULL,NULL),
('B628',13,0,'FROM ST. 13','2026-02-22 13:44:09',NULL,NULL),
('B629',13,0,'FROM ST. 13','2026-02-22 13:44:09',NULL,NULL),
('B62A',13,0,'FROM ST. 13','2026-02-22 13:44:09',NULL,NULL),
('B62B',13,0,'FROM ST. 13','2026-02-22 13:44:09',NULL,NULL),
('B62C',13,0,'FROM ST. 13','2026-02-22 13:44:09',NULL,NULL),
('B62D',13,0,'FROM ST. 13','2026-02-22 13:44:09',NULL,NULL),
('B62E',13,0,'FROM ST. 13','2026-02-22 13:44:09',NULL,NULL),
('B62F',13,0,'FROM ST. 13','2026-02-22 13:44:09',NULL,NULL),
('B63',1,0,'WORK DETECT SENSOR FAULT(X79) FROM ST. 1','2026-02-22 13:44:09',NULL,NULL),
('B630',13,0,'L51:CC-LINK FAULT FROM ST. 13','2026-02-22 13:44:09',NULL,NULL),
('B631',13,0,'FROM ST. 13','2026-02-22 13:44:09',NULL,NULL),
('B632',13,0,'FROM ST. 13','2026-02-22 13:44:09',NULL,NULL),
('B633',13,0,'FROM ST. 13','2026-02-22 13:44:09',NULL,NULL),
('B634',13,0,'FROM ST. 13','2026-02-22 13:44:09',NULL,NULL),
('B635',13,0,'FROM ST. 13','2026-02-22 13:44:09',NULL,NULL),
('B636',13,0,'FROM ST. 13','2026-02-22 13:44:09',NULL,NULL),
('B637',13,0,'FROM ST. 13','2026-02-22 13:44:09',NULL,NULL),
('B638',13,0,'FROM ST. 13','2026-02-22 13:44:09',NULL,NULL),
('B639',13,0,'FROM ST. 13','2026-02-22 13:44:09',NULL,NULL),
('B63A',13,0,'FROM ST. 13','2026-02-22 13:44:09',NULL,NULL),
('B63B',13,0,'FROM ST. 13','2026-02-22 13:44:09',NULL,NULL),
('B63C',13,0,'FROM ST. 13','2026-02-22 13:44:09',NULL,NULL),
('B63D',13,0,'FROM ST. 13','2026-02-22 13:44:09',NULL,NULL),
('B63E',13,0,'FROM ST. 13','2026-02-22 13:44:09',NULL,NULL),
('B63F',13,0,'FROM ST. 13','2026-02-22 13:44:09',NULL,NULL),
('B64',1,0,'PLC BATTERY LOW FROM ST. 1','2026-02-22 13:44:09',NULL,NULL),
('B640',13,0,'L60:CV.0040 OVERLOAD TRIP FROM ST. 13','2026-02-22 13:44:09',NULL,NULL),
('B641',13,0,'L61:INV.0011 TRIP FROM ST. 13','2026-02-22 13:44:09',NULL,NULL),
('B642',13,0,'L62:INV.0020 TRIP FROM ST. 13','2026-02-22 13:44:09',NULL,NULL),
('B643',13,0,'L63:INV.0031 TRIP FROM ST. 13','2026-02-22 13:44:09',NULL,NULL),
('B644',13,0,'FROM ST. 13','2026-02-22 13:44:09',NULL,NULL),
('B645',13,0,'FROM ST. 13','2026-02-22 13:44:09',NULL,NULL),
('B646',13,0,'FROM ST. 13','2026-02-22 13:44:09',NULL,NULL),
('B647',13,0,'FROM ST. 13','2026-02-22 13:44:09',NULL,NULL),
('B648',13,0,'FROM ST. 13','2026-02-22 13:44:09',NULL,NULL),
('B649',13,0,'FROM ST. 13','2026-02-22 13:44:09',NULL,NULL),
('B64A',13,0,'FROM ST. 13','2026-02-22 13:44:09',NULL,NULL),
('B64B',13,0,'FROM ST. 13','2026-02-22 13:44:09',NULL,NULL),
('B64C',13,0,'FROM ST. 13','2026-02-22 13:44:09',NULL,NULL),
('B64D',13,0,'FROM ST. 13','2026-02-22 13:44:09',NULL,NULL),
('B64E',13,0,'FROM ST. 13','2026-02-22 13:44:09',NULL,NULL),
('B64F',13,0,'FROM ST. 13','2026-02-22 13:44:09',NULL,NULL),
('B65',1,0,'FROM ST. 1','2026-02-22 13:44:09',NULL,NULL),
('B650',13,0,'M1070:MAIN CV.0020 JIG PRESENT.1 STOP FROM ST. 13','2026-02-22 13:44:09',NULL,NULL),
('B651',13,0,'M1072:MAIN CV.0020 JIG PRESENT.2 STOP FROM ST. 13','2026-02-22 13:44:09',NULL,NULL),
('B652',13,0,'M1077:NUT RUNNER NOT COMPLETE CYCLE FROM ST. 13','2026-02-22 13:44:09',NULL,NULL),
('B653',13,0,'M1080:PALLET ORIENTATION DETECT ERROR FROM ST. 13','2026-02-22 13:44:09',NULL,NULL),
('B654',13,0,'M1082:PALLET ARM DETECT ERROR FROM ST. 13','2026-02-22 13:44:09',NULL,NULL),
('B655',13,0,'M1085:PRODUCT DETECT ERROR FROM ST. 13','2026-02-22 13:44:09',NULL,NULL),
('B656',13,0,'M1090:ROPE SWITCH EMERGENCY STOP FROM ST. 13','2026-02-22 13:44:09',NULL,NULL),
('B657',13,0,'M1097:ROPE SWITCH TEMPORARY STOP FROM ST. 13','2026-02-22 13:44:09',NULL,NULL),
('B658',13,0,'FROM ST. 13','2026-02-22 13:44:09',NULL,NULL),
('B659',13,0,'FROM ST. 13','2026-02-22 13:44:09',NULL,NULL),
('B65A',13,0,'FROM ST. 13','2026-02-22 13:44:09',NULL,NULL),
('B65B',13,0,'FROM ST. 13','2026-02-22 13:44:09',NULL,NULL),
('B65C',13,0,'FROM ST. 13','2026-02-22 13:44:09',NULL,NULL),
('B65D',13,0,'FROM ST. 13','2026-02-22 13:44:09',NULL,NULL),
('B65E',13,0,'FROM ST. 13','2026-02-22 13:44:09',NULL,NULL),
('B65F',13,0,'FROM ST. 13','2026-02-22 13:44:09',NULL,NULL),
('B66',1,0,'FROM ST. 1','2026-02-22 13:44:09',NULL,NULL),
('B660',13,0,'L1500:LIFTER 0010 RUN TIME OVER FROM ST. 13','2026-02-22 13:44:09',NULL,NULL),
('B661',13,0,'L1501:LIFTER 0010 SENSOR SHORT FROM ST. 13','2026-02-22 13:44:09',NULL,NULL),
('B662',13,0,'L1502:LIFTER 0010 UP NON-INTER FAULT FROM ST. 13','2026-02-22 13:44:09',NULL,NULL),
('B663',13,0,'L1503:LIFTER 0010 DOWN NON-INTER FAULT FROM ST. 13','2026-02-22 13:44:09',NULL,NULL),
('B664',13,0,'L1520:LIFTER 0012 RUN TIME OVER FROM ST. 13','2026-02-22 13:44:09',NULL,NULL),
('B665',13,0,'L1521:LIFTER 0012 SENSOR SHORT FROM ST. 13','2026-02-22 13:44:09',NULL,NULL),
('B666',13,0,'L1540:LIFTER CARRIER 0011 RUN TIME OVER FROM ST. 13','2026-02-22 13:44:09',NULL,NULL),
('B667',13,0,'L1541:LIFTER CARRIER 0011 OVER RUN FROM ST. 13','2026-02-22 13:44:09',NULL,NULL),
('B668',13,0,'L1660:LIFTER CARRIER 0031 RUN TIME OVER FROM ST. 13','2026-02-22 13:44:09',NULL,NULL),
('B669',13,0,'L1661:LIFTER CARRIER 0031 OVER RUN FROM ST. 13','2026-02-22 13:44:09',NULL,NULL),
('B66A',13,0,'L1690:LIFTER 0030 RUN TIME OVER FROM ST. 13','2026-02-22 13:44:09',NULL,NULL),
('B66B',13,0,'L1691:LIFTER 0030 SENSOR SHORT FROM ST. 13','2026-02-22 13:44:09',NULL,NULL),
('B66C',13,0,'L1692:LIFTER 0030 UP NON-INTER FAULT FROM ST. 13','2026-02-22 13:44:09',NULL,NULL),
('B66D',13,0,'L1693:LIFTER 0030 DOWN NON-INTER FAULT FROM ST. 13','2026-02-22 13:44:09',NULL,NULL),
('B66E',13,0,'L1710:LIFTER 0032 RUN TIME OVER FROM ST. 13','2026-02-22 13:44:09',NULL,NULL),
('B66F',13,0,'L1711:LIFTER 0032 SENSOR SHORT FROM ST. 13','2026-02-22 13:44:09',NULL,NULL),
('B67',1,0,'FROM ST. 1','2026-02-22 13:44:09',NULL,NULL),
('B670',13,0,'L1730:ST.0041 RUN TIME OVER FROM ST. 13','2026-02-22 13:44:09',NULL,NULL),
('B67D',13,0,'FROM ST. 13','2026-02-22 13:44:09',NULL,NULL),
('B67E',13,0,'FROM ST. 13','2026-02-22 13:44:09',NULL,NULL),
('B67F',13,0,'FROM ST. 13','2026-02-22 13:44:09',NULL,NULL),
('B68',1,0,'FROM ST. 1','2026-02-22 13:44:09',NULL,NULL),
('B680',14,0,'FROM ST. 14','2026-02-22 13:44:09',NULL,NULL),
('B681',14,0,'F1 Operation box emergency sto FROM ST. 14','2026-02-22 13:44:09',NULL,NULL),
('B682',14,0,'F2 Start box emergency stop FROM ST. 14','2026-02-22 13:44:09',NULL,NULL),
('B683',14,0,'F3 CC-Link Abnormal FROM ST. 14','2026-02-22 13:44:09',NULL,NULL),
('B684',14,0,'F4 Nutrunner Abnormal FROM ST. 14','2026-02-22 13:44:09',NULL,NULL),
('B685',14,0,'F5 Air Pressure FROM ST. 14','2026-02-22 13:44:09',NULL,NULL),
('B686',14,0,'FROM ST. 14','2026-02-22 13:44:09',NULL,NULL),
('B687',14,0,'FROM ST. 14','2026-02-22 13:44:09',NULL,NULL),
('B688',14,0,'unused FROM ST. 14','2026-02-22 13:44:09',NULL,NULL),
('B689',14,0,'F9 Work set Abnormal FROM ST. 14','2026-02-22 13:44:09',NULL,NULL),
('B68A',14,0,'F10 Color set Abnormal FROM ST. 14','2026-02-22 13:44:09',NULL,NULL),
('B68B',14,0,'F11 R Clamp LS Abnormal FROM ST. 14','2026-02-22 13:44:09',NULL,NULL),
('B68C',14,0,'F12 L Clamp LS Abnormal FROM ST. 14','2026-02-22 13:44:09',NULL,NULL),
('B68D',14,0,'F13 R Clamping Operation Abnorm FROM ST. 14','2026-02-22 13:44:09',NULL,NULL),
('B68E',14,0,'F14 L Clamping Operation Abnorm FROM ST. 14','2026-02-22 13:44:09',NULL,NULL),
('B68F',14,0,'F15 Work Offset Abnormal FROM ST. 14','2026-02-22 13:44:09',NULL,NULL),
('B69',1,0,'FROM ST. 1','2026-02-22 13:44:09',NULL,NULL),
('B690',14,0,'F16 L Color set Abnormal FROM ST. 14','2026-02-22 13:44:09',NULL,NULL),
('B691',14,0,'F17 R Color set Abnormal FROM ST. 14','2026-02-22 13:44:09',NULL,NULL),
('B692',14,0,'F18 L Color pick up FROM ST. 14','2026-02-22 13:44:09',NULL,NULL),
('B693',14,0,'F19 R Color pick up FROM ST. 14','2026-02-22 13:44:09',NULL,NULL),
('B694',14,0,'F20 R work notset Abnormal X51 FROM ST. 14','2026-02-22 13:44:09',NULL,NULL),
('B695',14,0,'F21 R work notset Abnormal X53 FROM ST. 14','2026-02-22 13:44:09',NULL,NULL),
('B696',14,0,'F22 L work notset Abnormal X55 FROM ST. 14','2026-02-22 13:44:09',NULL,NULL),
('B697',14,0,'F23 L work notset Abnormal X56 FROM ST. 14','2026-02-22 13:44:09',NULL,NULL),
('B698',14,0,'F24:unused FROM ST. 14','2026-02-22 13:44:09',NULL,NULL),
('B699',14,0,'F25 PLC Battery Abnormal FROM ST. 14','2026-02-22 13:44:09',NULL,NULL),
('B69A',14,0,'F26 GOT Battery Abnormal FROM ST. 14','2026-02-22 13:44:09',NULL,NULL),
('B69B',14,0,'F27 L Color pick up forget FROM ST. 14','2026-02-22 13:44:09',NULL,NULL),
('B69C',14,0,'F28 R Color pick up forget FROM ST. 14','2026-02-22 13:44:09',NULL,NULL),
('B69D',14,0,'F29 NutrunnerTightening NG FROM ST. 14','2026-02-22 13:44:09',NULL,NULL),
('B69E',14,0,'F30 Work Offset Abnormal FROM ST. 14','2026-02-22 13:44:09',NULL,NULL),
('B69F',14,0,'F31 Nutrunner CCW Abnormal FROM ST. 14','2026-02-22 13:44:09',NULL,NULL),
('B6A',1,0,'FROM ST. 1','2026-02-22 13:44:09',NULL,NULL),
('B6A0',14,0,'F32 Nutrunner Abnormal FROM ST. 14','2026-02-22 13:44:09',NULL,NULL),
('B6A1',14,0,'F33 Nutrunner Abnormal FROM ST. 14','2026-02-22 13:44:09',NULL,NULL),
('B6A2',14,0,'FROM ST. 14','2026-02-22 13:44:09',NULL,NULL),
('B6A3',14,0,'FROM ST. 14','2026-02-22 13:44:09',NULL,NULL),
('B6A4',14,0,'FROM ST. 14','2026-02-22 13:44:09',NULL,NULL),
('B6A5',14,0,'FROM ST. 14','2026-02-22 13:44:09',NULL,NULL),
('B6A6',14,0,'FROM ST. 14','2026-02-22 13:44:09',NULL,NULL),
('B6A7',14,0,'FROM ST. 14','2026-02-22 13:44:09',NULL,NULL),
('B6A8',14,0,'FROM ST. 14','2026-02-22 13:44:09',NULL,NULL),
('B6A9',14,0,'FROM ST. 14','2026-02-22 13:44:09',NULL,NULL),
('B6AA',14,0,'FROM ST. 14','2026-02-22 13:44:09',NULL,NULL),
('B6AB',14,0,'FROM ST. 14','2026-02-22 13:44:09',NULL,NULL),
('B6AC',14,0,'FROM ST. 14','2026-02-22 13:44:09',NULL,NULL),
('B6AD',14,0,'FROM ST. 14','2026-02-22 13:44:09',NULL,NULL),
('B6AE',14,0,'FROM ST. 14','2026-02-22 13:44:09',NULL,NULL),
('B6AF',14,0,'FROM ST. 14','2026-02-22 13:44:09',NULL,NULL),
('B6B',1,0,'FROM ST. 1','2026-02-22 13:44:09',NULL,NULL),
('B6B0',14,0,'FROM ST. 14','2026-02-22 13:44:09',NULL,NULL),
('B6B1',14,0,'FROM ST. 14','2026-02-22 13:44:09',NULL,NULL),
('B6B2',14,0,'FROM ST. 14','2026-02-22 13:44:09',NULL,NULL),
('B6B3',14,0,'FROM ST. 14','2026-02-22 13:44:09',NULL,NULL),
('B6B4',14,0,'FROM ST. 14','2026-02-22 13:44:09',NULL,NULL),
('B6B5',14,0,'FROM ST. 14','2026-02-22 13:44:09',NULL,NULL),
('B6B6',14,0,'FROM ST. 14','2026-02-22 13:44:09',NULL,NULL),
('B6B7',14,0,'FROM ST. 14','2026-02-22 13:44:09',NULL,NULL),
('B6B8',14,0,'FROM ST. 14','2026-02-22 13:44:09',NULL,NULL),
('B6B9',14,0,'FROM ST. 14','2026-02-22 13:44:09',NULL,NULL),
('B6BA',14,0,'FROM ST. 14','2026-02-22 13:44:09',NULL,NULL),
('B6BB',14,0,'FROM ST. 14','2026-02-22 13:44:09',NULL,NULL),
('B6BC',14,0,'FROM ST. 14','2026-02-22 13:44:09',NULL,NULL),
('B6BD',14,0,'FROM ST. 14','2026-02-22 13:44:09',NULL,NULL),
('B6BE',14,0,'FROM ST. 14','2026-02-22 13:44:09',NULL,NULL),
('B6BF',14,0,'FROM ST. 14','2026-02-22 13:44:09',NULL,NULL),
('B6C',1,0,'FROM ST. 1','2026-02-22 13:44:09',NULL,NULL),
('B6C0',14,0,'FROM ST. 14','2026-02-22 13:44:09',NULL,NULL),
('B6C1',14,0,'FROM ST. 14','2026-02-22 13:44:09',NULL,NULL),
('B6C2',14,0,'FROM ST. 14','2026-02-22 13:44:09',NULL,NULL),
('B6C3',14,0,'FROM ST. 14','2026-02-22 13:44:09',NULL,NULL),
('B6C4',14,0,'FROM ST. 14','2026-02-22 13:44:09',NULL,NULL),
('B6C5',14,0,'FROM ST. 14','2026-02-22 13:44:09',NULL,NULL),
('B6C6',14,0,'FROM ST. 14','2026-02-22 13:44:09',NULL,NULL),
('B6C7',14,0,'FROM ST. 14','2026-02-22 13:44:09',NULL,NULL),
('B6C8',14,0,'FROM ST. 14','2026-02-22 13:44:09',NULL,NULL),
('B6C9',14,0,'FROM ST. 14','2026-02-22 13:44:09',NULL,NULL),
('B6CA',14,0,'FROM ST. 14','2026-02-22 13:44:09',NULL,NULL),
('B6CB',14,0,'FROM ST. 14','2026-02-22 13:44:09',NULL,NULL),
('B6CC',14,0,'FROM ST. 14','2026-02-22 13:44:09',NULL,NULL),
('B6CD',14,0,'FROM ST. 14','2026-02-22 13:44:09',NULL,NULL),
('B6CE',14,0,'FROM ST. 14','2026-02-22 13:44:09',NULL,NULL),
('B6CF',14,0,'FROM ST. 14','2026-02-22 13:44:09',NULL,NULL),
('B6D',1,0,'FROM ST. 1','2026-02-22 13:44:09',NULL,NULL),
('B6D0',14,0,'FROM ST. 14','2026-02-22 13:44:09',NULL,NULL),
('B6D1',14,0,'FROM ST. 14','2026-02-22 13:44:09',NULL,NULL),
('B6D2',14,0,'FROM ST. 14','2026-02-22 13:44:09',NULL,NULL),
('B6D3',14,0,'FROM ST. 14','2026-02-22 13:44:09',NULL,NULL),
('B6D4',14,0,'FROM ST. 14','2026-02-22 13:44:09',NULL,NULL),
('B6D5',14,0,'FROM ST. 14','2026-02-22 13:44:09',NULL,NULL),
('B6D6',14,0,'FROM ST. 14','2026-02-22 13:44:09',NULL,NULL),
('B6D7',14,0,'FROM ST. 14','2026-02-22 13:44:09',NULL,NULL),
('B6D8',14,0,'FROM ST. 14','2026-02-22 13:44:09',NULL,NULL),
('B6D9',14,0,'FROM ST. 14','2026-02-22 13:44:09',NULL,NULL),
('B6DA',14,0,'FROM ST. 14','2026-02-22 13:44:09',NULL,NULL),
('B6DB',14,0,'FROM ST. 14','2026-02-22 13:44:09',NULL,NULL),
('B6DC',14,0,'FROM ST. 14','2026-02-22 13:44:09',NULL,NULL),
('B6DD',14,0,'FROM ST. 14','2026-02-22 13:44:09',NULL,NULL),
('B6DE',14,0,'FROM ST. 14','2026-02-22 13:44:09',NULL,NULL),
('B6DF',14,0,'FROM ST. 14','2026-02-22 13:44:09',NULL,NULL),
('B6E',1,0,'FROM ST. 1','2026-02-22 13:44:09',NULL,NULL),
('B6E0',14,0,'FROM ST. 14','2026-02-22 13:44:09',NULL,NULL),
('B6E1',14,0,'FROM ST. 14','2026-02-22 13:44:09',NULL,NULL),
('B6E2',14,0,'FROM ST. 14','2026-02-22 13:44:09',NULL,NULL),
('B6E3',14,0,'SPARE FROM ST. 14','2026-02-22 13:44:09',NULL,NULL),
('B6E4',14,0,'FROM ST. 14','2026-02-22 13:44:09',NULL,NULL),
('B6E5',14,0,'FROM ST. 14','2026-02-22 13:44:09',NULL,NULL),
('B6E6',14,0,'FROM ST. 14','2026-02-22 13:44:09',NULL,NULL),
('B6E7',14,0,'FROM ST. 14','2026-02-22 13:44:09',NULL,NULL),
('B6E8',14,0,'FROM ST. 14','2026-02-22 13:44:09',NULL,NULL),
('B6E9',14,0,'FROM ST. 14','2026-02-22 13:44:09',NULL,NULL),
('B6EA',14,0,'FROM ST. 14','2026-02-22 13:44:09',NULL,NULL),
('B6EB',14,0,'FROM ST. 14','2026-02-22 13:44:09',NULL,NULL),
('B6EC',14,0,'FROM ST. 14','2026-02-22 13:44:09',NULL,NULL),
('B6ED',14,0,'FROM ST. 14','2026-02-22 13:44:09',NULL,NULL),
('B6EE',14,0,'TOTAL FAULT FROM ST. 14','2026-02-22 13:44:09',NULL,NULL),
('B6EF',14,0,'FROM ST. 14','2026-02-22 13:44:09',NULL,NULL),
('B6F',1,0,'FROM ST. 1','2026-02-22 13:44:09',NULL,NULL),
('B6F0',14,0,'FROM ST. 14','2026-02-22 13:44:09',NULL,NULL),
('B6F1',14,0,'FROM ST. 14','2026-02-22 13:44:09',NULL,NULL),
('B6F2',14,0,'FROM ST. 14','2026-02-22 13:44:09',NULL,NULL),
('B6F3',14,0,'FROM ST. 14','2026-02-22 13:44:09',NULL,NULL),
('B6F4',14,0,'FROM ST. 14','2026-02-22 13:44:09',NULL,NULL),
('B6F5',14,0,'FROM ST. 14','2026-02-22 13:44:09',NULL,NULL),
('B6F6',14,0,'FROM ST. 14','2026-02-22 13:44:09',NULL,NULL),
('B6F7',14,0,'FROM ST. 14','2026-02-22 13:44:09',NULL,NULL),
('B6F8',14,0,'TOTAL ALARM FROM ST. 14','2026-02-22 13:44:09',NULL,NULL),
('B6F9',14,0,'FROM ST. 14','2026-02-22 13:44:09',NULL,NULL),
('B6FA',14,0,'FROM ST. 14','2026-02-22 13:44:09',NULL,NULL),
('B6FB',14,0,'FROM ST. 14','2026-02-22 13:44:09',NULL,NULL),
('B6FC',14,0,'FROM ST. 14','2026-02-22 13:44:09',NULL,NULL),
('B6FD',14,0,'FROM ST. 14','2026-02-22 13:44:09',NULL,NULL),
('B6FE',14,0,'FROM ST. 14','2026-02-22 13:44:09',NULL,NULL),
('B6FF',14,0,'FROM ST. 14','2026-02-22 13:44:09',NULL,NULL),
('B7',1,0,'FROM ST. 1','2026-02-22 13:44:09',NULL,NULL),
('B70',1,0,'FROM ST. 1','2026-02-22 13:44:09',NULL,NULL),
('B700',15,0,'SENSOR EROR FROM ST. 15','2026-02-22 13:44:09',NULL,NULL),
('B701',15,0,'EMRGNCY FAULT FROM ST. 15','2026-02-22 13:44:09',NULL,NULL),
('B702',15,0,'FROM ST. 15','2026-02-22 13:44:09',NULL,NULL),
('B703',15,0,'FROM ST. 15','2026-02-22 13:44:09',NULL,NULL),
('B704',15,0,'FROM ST. 15','2026-02-22 13:44:09',NULL,NULL),
('B705',15,0,'FROM ST. 15','2026-02-22 13:44:09',NULL,NULL),
('B706',15,0,'FROM ST. 15','2026-02-22 13:44:09',NULL,NULL),
('B707',15,0,'FROM ST. 15','2026-02-22 13:44:09',NULL,NULL),
('B708',15,0,'FROM ST. 15','2026-02-22 13:44:09',NULL,NULL),
('B709',15,0,'FROM ST. 15','2026-02-22 13:44:09',NULL,NULL),
('B70A',15,0,'FROM ST. 15','2026-02-22 13:44:09',NULL,NULL),
('B70B',15,0,'FROM ST. 15','2026-02-22 13:44:09',NULL,NULL),
('B70C',15,0,'FROM ST. 15','2026-02-22 13:44:09',NULL,NULL),
('B70D',15,0,'FROM ST. 15','2026-02-22 13:44:09',NULL,NULL),
('B70E',15,0,'FROM ST. 15','2026-02-22 13:44:09',NULL,NULL),
('B70F',15,0,'FROM ST. 15','2026-02-22 13:44:09',NULL,NULL),
('B71',1,0,'FROM ST. 1','2026-02-22 13:44:09',NULL,NULL),
('B710',15,0,'FROM ST. 15','2026-02-22 13:44:09',NULL,NULL),
('B711',15,0,'FROM ST. 15','2026-02-22 13:44:09',NULL,NULL),
('B712',15,0,'FROM ST. 15','2026-02-22 13:44:09',NULL,NULL),
('B713',15,0,'FROM ST. 15','2026-02-22 13:44:09',NULL,NULL),
('B714',15,0,'FROM ST. 15','2026-02-22 13:44:09',NULL,NULL),
('B715',15,0,'FROM ST. 15','2026-02-22 13:44:09',NULL,NULL),
('B716',15,0,'FROM ST. 15','2026-02-22 13:44:09',NULL,NULL),
('B717',15,0,'FROM ST. 15','2026-02-22 13:44:09',NULL,NULL),
('B718',15,0,'FROM ST. 15','2026-02-22 13:44:09',NULL,NULL),
('B719',15,0,'FROM ST. 15','2026-02-22 13:44:09',NULL,NULL),
('B71A',15,0,'FROM ST. 15','2026-02-22 13:44:09',NULL,NULL),
('B71B',15,0,'FROM ST. 15','2026-02-22 13:44:09',NULL,NULL),
('B71C',15,0,'FROM ST. 15','2026-02-22 13:44:09',NULL,NULL),
('B71D',15,0,'FROM ST. 15','2026-02-22 13:44:09',NULL,NULL),
('B71E',15,0,'FROM ST. 15','2026-02-22 13:44:09',NULL,NULL),
('B71F',15,0,'FROM ST. 15','2026-02-22 13:44:09',NULL,NULL),
('B72',1,0,'FROM ST. 1','2026-02-22 13:44:09',NULL,NULL),
('B720',15,0,'FROM ST. 15','2026-02-22 13:44:09',NULL,NULL),
('B721',15,0,'FROM ST. 15','2026-02-22 13:44:09',NULL,NULL),
('B722',15,0,'FROM ST. 15','2026-02-22 13:44:09',NULL,NULL),
('B723',15,0,'FROM ST. 15','2026-02-22 13:44:09',NULL,NULL),
('B724',15,0,'FROM ST. 15','2026-02-22 13:44:09',NULL,NULL),
('B725',15,0,'FROM ST. 15','2026-02-22 13:44:09',NULL,NULL),
('B726',15,0,'FROM ST. 15','2026-02-22 13:44:09',NULL,NULL),
('B727',15,0,'FROM ST. 15','2026-02-22 13:44:09',NULL,NULL),
('B728',15,0,'FROM ST. 15','2026-02-22 13:44:09',NULL,NULL),
('B729',15,0,'FROM ST. 15','2026-02-22 13:44:09',NULL,NULL),
('B72A',15,0,'PB PAULT FROM ST. 15','2026-02-22 13:44:09',NULL,NULL),
('B72B',15,0,'LS PAULT FROM ST. 15','2026-02-22 13:44:09',NULL,NULL),
('B72C',15,0,'FROM ST. 15','2026-02-22 13:44:09',NULL,NULL),
('B72D',15,0,'FROM ST. 15','2026-02-22 13:44:09',NULL,NULL),
('B72E',15,0,'FROM ST. 15','2026-02-22 13:44:09',NULL,NULL),
('B72F',15,0,'FROM ST. 15','2026-02-22 13:44:09',NULL,NULL),
('B73',1,0,'FROM ST. 1','2026-02-22 13:44:09',NULL,NULL),
('B730',15,0,'FROM ST. 15','2026-02-22 13:44:09',NULL,NULL),
('B731',15,0,'FROM ST. 15','2026-02-22 13:44:09',NULL,NULL),
('B732',15,0,'FROM ST. 15','2026-02-22 13:44:09',NULL,NULL),
('B733',15,0,'FROM ST. 15','2026-02-22 13:44:09',NULL,NULL),
('B734',15,0,'FROM ST. 15','2026-02-22 13:44:09',NULL,NULL),
('B735',15,0,'FROM ST. 15','2026-02-22 13:44:09',NULL,NULL),
('B736',15,0,'FROM ST. 15','2026-02-22 13:44:09',NULL,NULL),
('B737',15,0,'FROM ST. 15','2026-02-22 13:44:09',NULL,NULL),
('B738',15,0,'FROM ST. 15','2026-02-22 13:44:09',NULL,NULL),
('B739',15,0,'FROM ST. 15','2026-02-22 13:44:09',NULL,NULL),
('B73A',15,0,'FROM ST. 15','2026-02-22 13:44:09',NULL,NULL),
('B73B',15,0,'FROM ST. 15','2026-02-22 13:44:09',NULL,NULL),
('B73C',15,0,'FROM ST. 15','2026-02-22 13:44:09',NULL,NULL),
('B73D',15,0,'FROM ST. 15','2026-02-22 13:44:09',NULL,NULL),
('B73E',15,0,'FROM ST. 15','2026-02-22 13:44:09',NULL,NULL),
('B73F',15,0,'FROM ST. 15','2026-02-22 13:44:09',NULL,NULL),
('B74',1,0,'FROM ST. 1','2026-02-22 13:44:09',NULL,NULL),
('B740',15,0,'FROM ST. 15','2026-02-22 13:44:09',NULL,NULL),
('B741',15,0,'FROM ST. 15','2026-02-22 13:44:09',NULL,NULL),
('B742',15,0,'FROM ST. 15','2026-02-22 13:44:09',NULL,NULL),
('B743',15,0,'FROM ST. 15','2026-02-22 13:44:09',NULL,NULL),
('B744',15,0,'FROM ST. 15','2026-02-22 13:44:09',NULL,NULL),
('B745',15,0,'FROM ST. 15','2026-02-22 13:44:09',NULL,NULL),
('B746',15,0,'FROM ST. 15','2026-02-22 13:44:09',NULL,NULL),
('B747',15,0,'FROM ST. 15','2026-02-22 13:44:09',NULL,NULL),
('B748',15,0,'FROM ST. 15','2026-02-22 13:44:09',NULL,NULL),
('B749',15,0,'FROM ST. 15','2026-02-22 13:44:09',NULL,NULL),
('B74A',15,0,'FROM ST. 15','2026-02-22 13:44:09',NULL,NULL),
('B74B',15,0,'FROM ST. 15','2026-02-22 13:44:09',NULL,NULL),
('B74C',15,0,'FROM ST. 15','2026-02-22 13:44:09',NULL,NULL),
('B74D',15,0,'FROM ST. 15','2026-02-22 13:44:09',NULL,NULL),
('B74E',15,0,'FROM ST. 15','2026-02-22 13:44:09',NULL,NULL),
('B74F',15,0,'FROM ST. 15','2026-02-22 13:44:09',NULL,NULL),
('B75',1,0,'FROM ST. 1','2026-02-22 13:44:09',NULL,NULL),
('B750',15,0,'FROM ST. 15','2026-02-22 13:44:09',NULL,NULL),
('B751',15,0,'FROM ST. 15','2026-02-22 13:44:09',NULL,NULL),
('B752',15,0,'FROM ST. 15','2026-02-22 13:44:09',NULL,NULL),
('B753',15,0,'FROM ST. 15','2026-02-22 13:44:09',NULL,NULL),
('B754',15,0,'FROM ST. 15','2026-02-22 13:44:09',NULL,NULL),
('B755',15,0,'FROM ST. 15','2026-02-22 13:44:09',NULL,NULL),
('B756',15,0,'FROM ST. 15','2026-02-22 13:44:09',NULL,NULL),
('B757',15,0,'FROM ST. 15','2026-02-22 13:44:09',NULL,NULL),
('B758',15,0,'FROM ST. 15','2026-02-22 13:44:09',NULL,NULL),
('B759',15,0,'FROM ST. 15','2026-02-22 13:44:09',NULL,NULL),
('B75A',15,0,'FROM ST. 15','2026-02-22 13:44:09',NULL,NULL),
('B75B',15,0,'FROM ST. 15','2026-02-22 13:44:09',NULL,NULL),
('B75C',15,0,'FROM ST. 15','2026-02-22 13:44:09',NULL,NULL),
('B75D',15,0,'FROM ST. 15','2026-02-22 13:44:09',NULL,NULL),
('B75E',15,0,'FROM ST. 15','2026-02-22 13:44:09',NULL,NULL),
('B75F',15,0,'FROM ST. 15','2026-02-22 13:44:09',NULL,NULL),
('B76',1,0,'FROM ST. 1','2026-02-22 13:44:09',NULL,NULL),
('B760',15,0,'FROM ST. 15','2026-02-22 13:44:09',NULL,NULL),
('B761',15,0,'FROM ST. 15','2026-02-22 13:44:09',NULL,NULL),
('B762',15,0,'FROM ST. 15','2026-02-22 13:44:09',NULL,NULL),
('B763',15,0,'FROM ST. 15','2026-02-22 13:44:09',NULL,NULL),
('B764',15,0,'FROM ST. 15','2026-02-22 13:44:09',NULL,NULL),
('B765',15,0,'FROM ST. 15','2026-02-22 13:44:09',NULL,NULL),
('B766',15,0,'FROM ST. 15','2026-02-22 13:44:09',NULL,NULL),
('B767',15,0,'FROM ST. 15','2026-02-22 13:44:09',NULL,NULL),
('B768',15,0,'FROM ST. 15','2026-02-22 13:44:09',NULL,NULL),
('B769',15,0,'FROM ST. 15','2026-02-22 13:44:09',NULL,NULL),
('B76A',15,0,'FROM ST. 15','2026-02-22 13:44:09',NULL,NULL),
('B76B',15,0,'FROM ST. 15','2026-02-22 13:44:09',NULL,NULL),
('B76C',15,0,'FROM ST. 15','2026-02-22 13:44:09',NULL,NULL),
('B76D',15,0,'FROM ST. 15','2026-02-22 13:44:09',NULL,NULL),
('B76E',15,0,'FROM ST. 15','2026-02-22 13:44:09',NULL,NULL),
('B76F',15,0,'FROM ST. 15','2026-02-22 13:44:09',NULL,NULL),
('B77',1,0,'FROM ST. 1','2026-02-22 13:44:09',NULL,NULL),
('B770',15,0,'FROM ST. 15','2026-02-22 13:44:09',NULL,NULL),
('B771',15,0,'FROM ST. 15','2026-02-22 13:44:09',NULL,NULL),
('B772',15,0,'FROM ST. 15','2026-02-22 13:44:09',NULL,NULL),
('B773',15,0,'FROM ST. 15','2026-02-22 13:44:09',NULL,NULL),
('B774',15,0,'FROM ST. 15','2026-02-22 13:44:09',NULL,NULL),
('B775',15,0,'FROM ST. 15','2026-02-22 13:44:09',NULL,NULL),
('B776',15,0,'FROM ST. 15','2026-02-22 13:44:09',NULL,NULL),
('B777',15,0,'FROM ST. 15','2026-02-22 13:44:09',NULL,NULL),
('B778',15,0,'FROM ST. 15','2026-02-22 13:44:09',NULL,NULL),
('B779',15,0,'FROM ST. 15','2026-02-22 13:44:09',NULL,NULL),
('B77A',15,0,'FROM ST. 15','2026-02-22 13:44:09',NULL,NULL),
('B77B',15,0,'FROM ST. 15','2026-02-22 13:44:09',NULL,NULL),
('B77C',15,0,'FROM ST. 15','2026-02-22 13:44:09',NULL,NULL),
('B77D',15,0,'FROM ST. 15','2026-02-22 13:44:09',NULL,NULL),
('B77E',15,0,'FROM ST. 15','2026-02-22 13:44:09',NULL,NULL),
('B77F',15,0,'FROM ST. 15','2026-02-22 13:44:09',NULL,NULL),
('B78',1,0,'FROM ST. 1','2026-02-22 13:44:09',NULL,NULL),
('B780',16,0,'Synthesis Error FROM ST. 16','2026-02-22 13:44:09',NULL,NULL),
('B781',16,0,'PLC Error FROM ST. 16','2026-02-22 13:44:09',NULL,NULL),
('B782',16,0,'PLC Battery Low FROM ST. 16','2026-02-22 13:44:09',NULL,NULL),
('B783',16,0,'PLC FUSEBreak FROM ST. 16','2026-02-22 13:44:09',NULL,NULL),
('B784',16,0,'Poka01 PertinentNot DataError FROM ST. 16','2026-02-22 13:44:09',NULL,NULL),
('B785',16,0,'Poka02 PertinentNot DataError FROM ST. 16','2026-02-22 13:44:09',NULL,NULL),
('B786',16,0,'Poka03 PertinentNot DataError FROM ST. 16','2026-02-22 13:44:09',NULL,NULL),
('B787',16,0,'Poka04 PertinentNot DataError FROM ST. 16','2026-02-22 13:44:09',NULL,NULL),
('B788',16,0,'Poka05 PertinentNot DataError FROM ST. 16','2026-02-22 13:44:09',NULL,NULL),
('B789',16,0,'Poka06 PertinentNot DataError FROM ST. 16','2026-02-22 13:44:09',NULL,NULL),
('B78A',16,0,'Poka07 PertinentNot DataError FROM ST. 16','2026-02-22 13:44:09',NULL,NULL),
('B78B',16,0,'Poka08 PertinentNot DataError FROM ST. 16','2026-02-22 13:44:09',NULL,NULL),
('B78C',16,0,'Poka09 PertinentNot DataError FROM ST. 16','2026-02-22 13:44:09',NULL,NULL),
('B78D',16,0,'Poka10 PertinentNot DataError FROM ST. 16','2026-02-22 13:44:09',NULL,NULL),
('B78E',16,0,'Poka11 PertinentNot DataError FROM ST. 16','2026-02-22 13:44:09',NULL,NULL),
('B78F',16,0,'Poka12 PertinentNot DataError FROM ST. 16','2026-02-22 13:44:09',NULL,NULL),
('B79',1,0,'FROM ST. 1','2026-02-22 13:44:09',NULL,NULL),
('B790',16,0,'Poka13 PertinentNot DataError FROM ST. 16','2026-02-22 13:44:09',NULL,NULL),
('B791',16,0,'Poka14 PertinentNot DataError FROM ST. 16','2026-02-22 13:44:09',NULL,NULL),
('B792',16,0,'Poka15 PertinentNot DataError FROM ST. 16','2026-02-22 13:44:09',NULL,NULL),
('B793',16,0,'Poka16 PertinentNot DataError FROM ST. 16','2026-02-22 13:44:09',NULL,NULL),
('B794',16,0,'Poka01 Picking MISS Error FROM ST. 16','2026-02-22 13:44:09',NULL,NULL),
('B795',16,0,'Poka02 Picking MISS Error FROM ST. 16','2026-02-22 13:44:09',NULL,NULL),
('B796',16,0,'Poka03 Picking MISS Error FROM ST. 16','2026-02-22 13:44:09',NULL,NULL),
('B797',16,0,'Poka04 Picking MISS Error FROM ST. 16','2026-02-22 13:44:09',NULL,NULL),
('B798',16,0,'Poka05 Picking MISS Error FROM ST. 16','2026-02-22 13:44:09',NULL,NULL),
('B799',16,0,'Poka06 Picking MISS Error FROM ST. 16','2026-02-22 13:44:09',NULL,NULL),
('B79A',16,0,'Poka07 Picking MISS Error FROM ST. 16','2026-02-22 13:44:09',NULL,NULL),
('B79B',16,0,'Poka08 Picking MISS Error FROM ST. 16','2026-02-22 13:44:09',NULL,NULL),
('B79C',16,0,'Poka09 Picking MISS Error FROM ST. 16','2026-02-22 13:44:09',NULL,NULL),
('B79D',16,0,'Poka10 Picking MISS Error FROM ST. 16','2026-02-22 13:44:09',NULL,NULL),
('B79E',16,0,'Poka11 Picking MISS Error FROM ST. 16','2026-02-22 13:44:09',NULL,NULL),
('B79F',16,0,'Poka12 Picking MISS Error FROM ST. 16','2026-02-22 13:44:09',NULL,NULL),
('B7A',1,0,'FROM ST. 1','2026-02-22 13:44:09',NULL,NULL),
('B7A0',16,0,'Poka13 Picking MISS Error FROM ST. 16','2026-02-22 13:44:09',NULL,NULL),
('B7A1',16,0,'Poka14 Picking MISS Error FROM ST. 16','2026-02-22 13:44:09',NULL,NULL),
('B7A2',16,0,'Poka15 Picking MISS Error FROM ST. 16','2026-02-22 13:44:09',NULL,NULL),
('B7A3',16,0,'Poka16 Picking MISS Error FROM ST. 16','2026-02-22 13:44:09',NULL,NULL),
('B7A4',16,0,'Poka01 Process Unfinished Error FROM ST. 16','2026-02-22 13:44:09',NULL,NULL),
('B7A5',16,0,'Poka02 Process Unfinished Error FROM ST. 16','2026-02-22 13:44:09',NULL,NULL),
('B7A6',16,0,'Poka03 Process Unfinished Error FROM ST. 16','2026-02-22 13:44:09',NULL,NULL),
('B7A7',16,0,'Poka04 Process Unfinished Error FROM ST. 16','2026-02-22 13:44:09',NULL,NULL),
('B7A8',16,0,'Poka05 Process Unfinished Error FROM ST. 16','2026-02-22 13:44:09',NULL,NULL),
('B7A9',16,0,'Poka06 Process Unfinished Error FROM ST. 16','2026-02-22 13:44:09',NULL,NULL),
('B7AA',16,0,'Poka07 Process Unfinished Error FROM ST. 16','2026-02-22 13:44:09',NULL,NULL),
('B7AB',16,0,'Poka08 Process Unfinished Error FROM ST. 16','2026-02-22 13:44:09',NULL,NULL),
('B7AC',16,0,'Poka09 Process Unfinished Error FROM ST. 16','2026-02-22 13:44:09',NULL,NULL),
('B7AD',16,0,'Poka10 Process Unfinished Error FROM ST. 16','2026-02-22 13:44:09',NULL,NULL),
('B7AE',16,0,'Poka11 Process Unfinished Error FROM ST. 16','2026-02-22 13:44:09',NULL,NULL),
('B7AF',16,0,'Poka12 Process Unfinished Error FROM ST. 16','2026-02-22 13:44:09',NULL,NULL),
('B7B',1,0,'FROM ST. 1','2026-02-22 13:44:09',NULL,NULL),
('B7B0',16,0,'Poka13 Process Unfinished Error FROM ST. 16','2026-02-22 13:44:09',NULL,NULL),
('B7B1',16,0,'Poka14 Process Unfinished Error FROM ST. 16','2026-02-22 13:44:09',NULL,NULL),
('B7B2',16,0,'Poka15 Process Unfinished Error FROM ST. 16','2026-02-22 13:44:09',NULL,NULL),
('B7B3',16,0,'Poka16 Process Unfinished Error FROM ST. 16','2026-02-22 13:44:09',NULL,NULL),
('B7B4',16,0,'Poka01 Process Delay Stop FROM ST. 16','2026-02-22 13:44:09',NULL,NULL),
('B7B5',16,0,'Poka02 Process Delay Stop FROM ST. 16','2026-02-22 13:44:09',NULL,NULL),
('B7B6',16,0,'Poka03 Process Delay Stop FROM ST. 16','2026-02-22 13:44:09',NULL,NULL),
('B7B7',16,0,'Poka04 Process Delay Stop FROM ST. 16','2026-02-22 13:44:09',NULL,NULL),
('B7B8',16,0,'Poka05 Process Delay Stop FROM ST. 16','2026-02-22 13:44:09',NULL,NULL),
('B7B9',16,0,'Poka06 Process Delay Stop FROM ST. 16','2026-02-22 13:44:09',NULL,NULL),
('B7BA',16,0,'Poka07 Process Delay Stop FROM ST. 16','2026-02-22 13:44:09',NULL,NULL),
('B7BB',16,0,'Poka08 Process Delay Stop FROM ST. 16','2026-02-22 13:44:09',NULL,NULL),
('B7BC',16,0,'Poka09 Process Delay Stop FROM ST. 16','2026-02-22 13:44:09',NULL,NULL),
('B7BD',16,0,'Poka10 Process Delay Stop FROM ST. 16','2026-02-22 13:44:09',NULL,NULL),
('B7BE',16,0,'Poka11 Process Delay Stop FROM ST. 16','2026-02-22 13:44:09',NULL,NULL),
('B7BF',16,0,'Poka12 Process Delay Stop FROM ST. 16','2026-02-22 13:44:09',NULL,NULL),
('B7C',1,0,'FROM ST. 1','2026-02-22 13:44:09',NULL,NULL),
('B7C0',16,0,'Poka13 Process Delay Stop FROM ST. 16','2026-02-22 13:44:09',NULL,NULL),
('B7C1',16,0,'Poka14 Process Delay Stop FROM ST. 16','2026-02-22 13:44:09',NULL,NULL),
('B7C2',16,0,'Poka15 Process Delay Stop FROM ST. 16','2026-02-22 13:44:09',NULL,NULL),
('B7C3',16,0,'Poka16 Process Delay Stop FROM ST. 16','2026-02-22 13:44:09',NULL,NULL),
('B7C4',16,0,'Poka01 Data Reception Delay Stop FROM ST. 16','2026-02-22 13:44:09',NULL,NULL),
('B7C5',16,0,'Poka02 Data Reception Delay Stop FROM ST. 16','2026-02-22 13:44:09',NULL,NULL),
('B7C6',16,0,'Poka03 Data Reception Delay Stop FROM ST. 16','2026-02-22 13:44:09',NULL,NULL),
('B7C7',16,0,'Poka04 Data Reception Delay Stop FROM ST. 16','2026-02-22 13:44:09',NULL,NULL),
('B7C8',16,0,'Poka05 Data Reception Delay Stop FROM ST. 16','2026-02-22 13:44:09',NULL,NULL),
('B7C9',16,0,'Poka06 Data Reception Delay Stop FROM ST. 16','2026-02-22 13:44:09',NULL,NULL),
('B7CA',16,0,'Poka07 Data Reception Delay Stop FROM ST. 16','2026-02-22 13:44:09',NULL,NULL),
('B7CB',16,0,'Poka08 Data Reception Delay Stop FROM ST. 16','2026-02-22 13:44:09',NULL,NULL),
('B7CC',16,0,'Poka09 Data Reception Delay Stop FROM ST. 16','2026-02-22 13:44:09',NULL,NULL),
('B7CD',16,0,'Poka10 Data Reception Delay Stop FROM ST. 16','2026-02-22 13:44:09',NULL,NULL),
('B7CE',16,0,'Poka11 Data Reception Delay Stop FROM ST. 16','2026-02-22 13:44:09',NULL,NULL),
('B7CF',16,0,'Poka12 Data Reception Delay Stop FROM ST. 16','2026-02-22 13:44:09',NULL,NULL),
('B7D',1,0,'FROM ST. 1','2026-02-22 13:44:09',NULL,NULL),
('B7D0',16,0,'Poka13 Data Reception Delay Stop FROM ST. 16','2026-02-22 13:44:09',NULL,NULL),
('B7D1',16,0,'Poka14 Data Reception Delay Stop FROM ST. 16','2026-02-22 13:44:09',NULL,NULL),
('B7D2',16,0,'Poka15 Data Reception Delay Stop FROM ST. 16','2026-02-22 13:44:09',NULL,NULL),
('B7D3',16,0,'Poka16 Data Reception Delay Stop FROM ST. 16','2026-02-22 13:44:09',NULL,NULL),
('B7E',1,0,'FROM ST. 1','2026-02-22 13:44:09',NULL,NULL),
('B7E4',16,0,'FROM ST. 16','2026-02-22 13:44:09',NULL,NULL),
('B7E5',16,0,'FROM ST. 16','2026-02-22 13:44:09',NULL,NULL),
('B7E6',16,0,'FROM ST. 16','2026-02-22 13:44:09',NULL,NULL),
('B7E7',16,0,'FROM ST. 16','2026-02-22 13:44:09',NULL,NULL),
('B7E8',16,0,'FROM ST. 16','2026-02-22 13:44:09',NULL,NULL),
('B7E9',16,0,'FROM ST. 16','2026-02-22 13:44:09',NULL,NULL),
('B7EA',16,0,'FROM ST. 16','2026-02-22 13:44:09',NULL,NULL),
('B7EB',16,0,'FROM ST. 16','2026-02-22 13:44:09',NULL,NULL),
('B7EC',16,0,'FROM ST. 16','2026-02-22 13:44:09',NULL,NULL),
('B7ED',16,0,'FROM ST. 16','2026-02-22 13:44:09',NULL,NULL),
('B7EE',16,0,'FROM ST. 16','2026-02-22 13:44:09',NULL,NULL),
('B7EF',16,0,'FROM ST. 16','2026-02-22 13:44:09',NULL,NULL),
('B7F',1,0,'FROM ST. 1','2026-02-22 13:44:09',NULL,NULL),
('B7F0',16,0,'FROM ST. 16','2026-02-22 13:44:09',NULL,NULL),
('B7F1',16,0,'FROM ST. 16','2026-02-22 13:44:09',NULL,NULL),
('B7F2',16,0,'FROM ST. 16','2026-02-22 13:44:09',NULL,NULL),
('B7F3',16,0,'FROM ST. 16','2026-02-22 13:44:09',NULL,NULL),
('B7F4',16,0,'FROM ST. 16','2026-02-22 13:44:09',NULL,NULL),
('B7F5',16,0,'FROM ST. 16','2026-02-22 13:44:09',NULL,NULL),
('B7F6',16,0,'FROM ST. 16','2026-02-22 13:44:09',NULL,NULL),
('B7F7',16,0,'FROM ST. 16','2026-02-22 13:44:09',NULL,NULL),
('B7F8',16,0,'FROM ST. 16','2026-02-22 13:44:09',NULL,NULL),
('B7F9',16,0,'FROM ST. 16','2026-02-22 13:44:09',NULL,NULL),
('B7FA',16,0,'FROM ST. 16','2026-02-22 13:44:09',NULL,NULL),
('B7FB',16,0,'FROM ST. 16','2026-02-22 13:44:09',NULL,NULL),
('B7FC',16,0,'FROM ST. 16','2026-02-22 13:44:09',NULL,NULL),
('B7FD',16,0,'FROM ST. 16','2026-02-22 13:44:09',NULL,NULL),
('B7FE',16,0,'FROM ST. 16','2026-02-22 13:44:09',NULL,NULL),
('B7FF',16,0,'FROM ST. 16','2026-02-22 13:44:09',NULL,NULL),
('B8',1,0,'FROM ST. 1','2026-02-22 13:44:09',NULL,NULL),
('B80',2,0,'FROM ST. 2','2026-02-22 13:44:09',NULL,NULL),
('B81',2,0,'EMERGENCY STOP(OP BOX) FROM ST. 2','2026-02-22 13:44:09',NULL,NULL),
('B82',2,0,'EMERGENCY STOP(ST BOX) FROM ST. 2','2026-02-22 13:44:09',NULL,NULL),
('B83',2,0,'FROM ST. 2','2026-02-22 13:44:09',NULL,NULL),
('B84',2,0,'FROM ST. 2','2026-02-22 13:44:09',NULL,NULL),
('B85',2,0,'AIR LOW FAULT FROM ST. 2','2026-02-22 13:44:09',NULL,NULL),
('B86',2,0,'FROM ST. 2','2026-02-22 13:44:09',NULL,NULL),
('B87',2,0,'FROM ST. 2','2026-02-22 13:44:09',NULL,NULL),
('B88',2,0,'FROM ST. 2','2026-02-22 13:44:09',NULL,NULL),
('B89',2,0,'FROM ST. 2','2026-02-22 13:44:09',NULL,NULL),
('B8A',2,0,'FROM ST. 2','2026-02-22 13:44:09',NULL,NULL),
('B8B',2,0,'FROM ST. 2','2026-02-22 13:44:09',NULL,NULL),
('B8C',2,0,'FROM ST. 2','2026-02-22 13:44:09',NULL,NULL),
('B8D',2,0,'FROM ST. 2','2026-02-22 13:44:09',NULL,NULL),
('B8E',2,0,'FROM ST. 2','2026-02-22 13:44:09',NULL,NULL),
('B8F',2,0,'ABNORMAL RESET PB WELDING ABNORMALITY FROM ST. 2','2026-02-22 13:44:09',NULL,NULL),
('B9',1,0,'FROM ST. 1','2026-02-22 13:44:09',NULL,NULL),
('B90',2,0,'PB ADHESION ABNORMALITY DURING STARTUP FROM ST. 2','2026-02-22 13:44:09',NULL,NULL),
('B91',2,0,'FROM ST. 2','2026-02-22 13:44:09',NULL,NULL),
('B92',2,0,'FROM ST. 2','2026-02-22 13:44:09',NULL,NULL),
('B93',2,0,'FROM ST. 2','2026-02-22 13:44:09',NULL,NULL),
('B94',2,0,'FROM ST. 2','2026-02-22 13:44:09',NULL,NULL),
('B95',2,0,'CLAMP1 LS FAULT FROM ST. 2','2026-02-22 13:44:09',NULL,NULL),
('B96',2,0,'CLAMP2 LS FAULT FROM ST. 2','2026-02-22 13:44:09',NULL,NULL),
('B97',2,0,'YHA LIFTER SHIFT1 LS FAULT FROM ST. 2','2026-02-22 13:44:09',NULL,NULL),
('B98',2,0,'YHA LIFTER SHIFT2 LS FAULT FROM ST. 2','2026-02-22 13:44:09',NULL,NULL),
('B99',2,0,'YHA RISER SHIFT LS FAUKT FROM ST. 2','2026-02-22 13:44:09',NULL,NULL),
('B9A',2,0,'YL8 SHIFT LS FAULT FROM ST. 2','2026-02-22 13:44:09',NULL,NULL),
('B9B',2,0,'YHA NORMAL SHIFT LS FAULT FROM ST. 2','2026-02-22 13:44:09',NULL,NULL),
('B9C',2,0,'YHA LIFTER CHECK SHIFT LS FAULT FROM ST. 2','2026-02-22 13:44:09',NULL,NULL),
('B9D',2,0,'YL8 LIFTER CHECK SHIFT LS FAULT FROM ST. 2','2026-02-22 13:44:09',NULL,NULL),
('B9E',2,0,'TYPE CHANGE LS FAULT FROM ST. 2','2026-02-22 13:44:09',NULL,NULL),
('B9F',2,0,'FROM ST. 2','2026-02-22 13:44:09',NULL,NULL),
('BA',1,0,'FROM ST. 1','2026-02-22 13:44:09',NULL,NULL),
('BA0',2,0,'FROM ST. 2','2026-02-22 13:44:09',NULL,NULL),
('BA1',2,0,'FROM ST. 2','2026-02-22 13:44:09',NULL,NULL),
('BA2',2,0,'FROM ST. 2','2026-02-22 13:44:09',NULL,NULL),
('BA3',2,0,'FROM ST. 2','2026-02-22 13:44:09',NULL,NULL),
('BA4',2,0,'FROM ST. 2','2026-02-22 13:44:09',NULL,NULL),
('BA5',2,0,'FROM ST. 2','2026-02-22 13:44:09',NULL,NULL),
('BA6',2,0,'FROM ST. 2','2026-02-22 13:44:09',NULL,NULL),
('BA7',2,0,'FROM ST. 2','2026-02-22 13:44:09',NULL,NULL),
('BA8',2,0,'FROM ST. 2','2026-02-22 13:44:09',NULL,NULL),
('BA9',2,0,'CLAMP1 ACTION FAULT FROM ST. 2','2026-02-22 13:44:09',NULL,NULL),
('BAA',2,0,'CLAMP2 ACTION FALT FROM ST. 2','2026-02-22 13:44:09',NULL,NULL),
('BAB',2,0,'YAH LIFTER SHIFT1 ACTION FAULT FROM ST. 2','2026-02-22 13:44:09',NULL,NULL),
('BAC',2,0,'YAH LIFTER SHIFT2 ACTIONE FAUKT FROM ST. 2','2026-02-22 13:44:09',NULL,NULL),
('BAD',2,0,'YHA RISER SHIFT ACTION FAULT FROM ST. 2','2026-02-22 13:44:09',NULL,NULL),
('BAE',2,0,'YL8 SHIFT ACTION FAULT FROM ST. 2','2026-02-22 13:44:09',NULL,NULL),
('BAF',2,0,'YAH NORMAL SHIFT ACTION FAULT FROM ST. 2','2026-02-22 13:44:09',NULL,NULL),
('BB',1,0,'FROM ST. 1','2026-02-22 13:44:09',NULL,NULL),
('BB0',2,0,'YHA LIFT CHK SHIFT ACTION FAULT FROM ST. 2','2026-02-22 13:44:09',NULL,NULL),
('BB1',2,0,'YL8 LIFT CHK SHIFT ACTION FAULT FROM ST. 2','2026-02-22 13:44:09',NULL,NULL),
('BB2',2,0,'TYPE CHANGE ACTION FAULT FROM ST. 2','2026-02-22 13:44:09',NULL,NULL),
('BB3',2,0,'FROM ST. 2','2026-02-22 13:44:09',NULL,NULL),
('BB4',2,0,'FROM ST. 2','2026-02-22 13:44:09',NULL,NULL),
('BB5',2,0,'FROM ST. 2','2026-02-22 13:44:09',NULL,NULL),
('BB6',2,0,'FROM ST. 2','2026-02-22 13:44:09',NULL,NULL),
('BB7',2,0,'FROM ST. 2','2026-02-22 13:44:09',NULL,NULL),
('BB8',2,0,'FROM ST. 2','2026-02-22 13:44:09',NULL,NULL),
('BB9',2,0,'FROM ST. 2','2026-02-22 13:44:09',NULL,NULL),
('BBA',2,0,'FROM ST. 2','2026-02-22 13:44:09',NULL,NULL),
('BBB',2,0,'FROM ST. 2','2026-02-22 13:44:09',NULL,NULL),
('BBC',2,0,'WORK DETECT SENSOR FAULT FROM ST. 2','2026-02-22 13:44:09',NULL,NULL),
('BBD',2,0,'WORK SET FAULT FROM ST. 2','2026-02-22 13:44:09',NULL,NULL),
('BBE',2,0,'FROM ST. 2','2026-02-22 13:44:09',NULL,NULL),
('BBF',2,0,'FROM ST. 2','2026-02-22 13:44:09',NULL,NULL),
('BC',1,0,'FROM ST. 1','2026-02-22 13:44:09',NULL,NULL),
('BC0',2,0,'FROM ST. 2','2026-02-22 13:44:09',NULL,NULL),
('BC1',2,0,'FROM ST. 2','2026-02-22 13:44:09',NULL,NULL),
('BC2',2,0,'FROM ST. 2','2026-02-22 13:44:09',NULL,NULL),
('BC3',2,0,'DOWN CHECK NG FROM ST. 2','2026-02-22 13:44:09',NULL,NULL),
('BC4',2,0,'NUT FASTENING COUNT NG FROM ST. 2','2026-02-22 13:44:09',NULL,NULL),
('BC5',2,0,'BOLT FASTENING COUNT NG FROM ST. 2','2026-02-22 13:44:09',NULL,NULL),
('BC6',2,0,'SLIDE CHECK NG FROM ST. 2','2026-02-22 13:44:09',NULL,NULL),
('BC7',2,0,'YHA 13SOCKET TWICE FASTEN NG FROM ST. 2','2026-02-22 13:44:09',NULL,NULL),
('BC8',2,0,'YHA TORX TWICE FASTEN NG FROM ST. 2','2026-02-22 13:44:09',NULL,NULL),
('BC9',2,0,'YL8 12SOCKET TWICE FASTEN NG FROM ST. 2','2026-02-22 13:44:09',NULL,NULL),
('BCA',2,0,'YL8 14SOCKET TWICE FASTEN NG FROM ST. 2','2026-02-22 13:44:09',NULL,NULL),
('BCB',2,0,'YL8 TORX TWICE FASTEN NG FROM ST. 2','2026-02-22 13:44:09',NULL,NULL),
('BCC',2,0,'FROM ST. 2','2026-02-22 13:44:09',NULL,NULL),
('BCD',2,0,'FROM ST. 2','2026-02-22 13:44:09',NULL,NULL),
('BCE',2,0,'FROM ST. 2','2026-02-22 13:44:09',NULL,NULL),
('BCF',2,0,'FROM ST. 2','2026-02-22 13:44:09',NULL,NULL),
('BD',1,0,'FROM ST. 1','2026-02-22 13:44:09',NULL,NULL),
('BD0',2,0,'WORK SET FAULT(X70) FROM ST. 2','2026-02-22 13:44:09',NULL,NULL),
('BD1',2,0,'WORK SET FAULT(X71) FROM ST. 2','2026-02-22 13:44:09',NULL,NULL),
('BD2',2,0,'WORK SET FAULT(X72) FROM ST. 2','2026-02-22 13:44:09',NULL,NULL),
('BD3',2,0,'WORK SET FAULT(X73) FROM ST. 2','2026-02-22 13:44:09',NULL,NULL),
('BD4',2,0,'WORK SET FAULT(X74) FROM ST. 2','2026-02-22 13:44:09',NULL,NULL),
('BD5',2,0,'WORK SET FAULT(X75) FROM ST. 2','2026-02-22 13:44:09',NULL,NULL),
('BD6',2,0,'WORK SET FAULT(X76) FROM ST. 2','2026-02-22 13:44:09',NULL,NULL),
('BD7',2,0,'WORK SET FAULT(X77) FROM ST. 2','2026-02-22 13:44:09',NULL,NULL),
('BD8',2,0,'WORK SET FAULT(X78) FROM ST. 2','2026-02-22 13:44:09',NULL,NULL),
('BD9',2,0,'WORK SET FAULT(X79) FROM ST. 2','2026-02-22 13:44:09',NULL,NULL),
('BDA',2,0,'WORK DETECT SENSOR FAULT(X70) FROM ST. 2','2026-02-22 13:44:09',NULL,NULL),
('BDB',2,0,'WORK DETECT SENSOR FAULT(X71) FROM ST. 2','2026-02-22 13:44:09',NULL,NULL),
('BDC',2,0,'WORK DETECT SENSOR FAULT(X72) FROM ST. 2','2026-02-22 13:44:09',NULL,NULL),
('BDD',2,0,'WORK DETECT SENSOR FAULT(X73) FROM ST. 2','2026-02-22 13:44:09',NULL,NULL),
('BDE',2,0,'WORK DETECT SENSOR FAULT(X74) FROM ST. 2','2026-02-22 13:44:09',NULL,NULL),
('BDF',2,0,'WORK DETECT SENSOR FAULT(X75) FROM ST. 2','2026-02-22 13:44:09',NULL,NULL),
('BE',1,0,'FROM ST. 1','2026-02-22 13:44:09',NULL,NULL),
('BE0',2,0,'WORK DETECT SENSOR FAULT(X76) FROM ST. 2','2026-02-22 13:44:09',NULL,NULL),
('BE1',2,0,'WORK DETECT SENSOR FAULT(X77) FROM ST. 2','2026-02-22 13:44:09',NULL,NULL),
('BE2',2,0,'WORK DETECT SENSOR FAULT(X78) FROM ST. 2','2026-02-22 13:44:09',NULL,NULL),
('BE3',2,0,'WORK DETECT SENSOR FAULT(X79) FROM ST. 2','2026-02-22 13:44:09',NULL,NULL),
('BE4',2,0,'PLC BATTERY LOW FROM ST. 2','2026-02-22 13:44:09',NULL,NULL),
('BE5',2,0,'FROM ST. 2','2026-02-22 13:44:09',NULL,NULL),
('BE6',2,0,'FROM ST. 2','2026-02-22 13:44:09',NULL,NULL),
('BE7',2,0,'FROM ST. 2','2026-02-22 13:44:09',NULL,NULL),
('BE8',2,0,'FROM ST. 2','2026-02-22 13:44:09',NULL,NULL),
('BE9',2,0,'FROM ST. 2','2026-02-22 13:44:09',NULL,NULL),
('BEA',2,0,'FROM ST. 2','2026-02-22 13:44:09',NULL,NULL),
('BEB',2,0,'FROM ST. 2','2026-02-22 13:44:09',NULL,NULL),
('BEC',2,0,'FROM ST. 2','2026-02-22 13:44:09',NULL,NULL),
('BED',2,0,'FROM ST. 2','2026-02-22 13:44:09',NULL,NULL),
('BEE',2,0,'FROM ST. 2','2026-02-22 13:44:09',NULL,NULL),
('BEF',2,0,'FROM ST. 2','2026-02-22 13:44:09',NULL,NULL),
('BF',1,0,'ABNORMAL RESET PB WELDING ABNORMALITY FROM ST. 1','2026-02-22 13:44:09',NULL,NULL),
('BF0',2,0,'FROM ST. 2','2026-02-22 13:44:09',NULL,NULL),
('BF1',2,0,'FROM ST. 2','2026-02-22 13:44:09',NULL,NULL),
('BF2',2,0,'FROM ST. 2','2026-02-22 13:44:09',NULL,NULL),
('BF3',2,0,'FROM ST. 2','2026-02-22 13:44:09',NULL,NULL),
('BF4',2,0,'FROM ST. 2','2026-02-22 13:44:09',NULL,NULL),
('BF5',2,0,'FROM ST. 2','2026-02-22 13:44:09',NULL,NULL),
('BF6',2,0,'FROM ST. 2','2026-02-22 13:44:09',NULL,NULL),
('BF7',2,0,'FROM ST. 2','2026-02-22 13:44:09',NULL,NULL),
('BF8',2,0,'FROM ST. 2','2026-02-22 13:44:09',NULL,NULL),
('BF9',2,0,'FROM ST. 2','2026-02-22 13:44:09',NULL,NULL),
('BFA',2,0,'FROM ST. 2','2026-02-22 13:44:09',NULL,NULL),
('BFB',2,0,'FROM ST. 2','2026-02-22 13:44:09',NULL,NULL),
('BFC',2,0,'FROM ST. 2','2026-02-22 13:44:09',NULL,NULL),
('BFD',2,0,'FROM ST. 2','2026-02-22 13:44:09',NULL,NULL),
('BFE',2,0,'FROM ST. 2','2026-02-22 13:44:09',NULL,NULL),
('BFF',2,0,'FROM ST. 2','2026-02-22 13:44:09',NULL,NULL);

/*Table structure for table `plc_oee_ng_plc_master` */

DROP TABLE IF EXISTS `plc_oee_ng_plc_master`;

CREATE TABLE `plc_oee_ng_plc_master` (
  `device` varchar(10) NOT NULL,
  `station_id` int(11) DEFAULT NULL,
  `plc_id` int(11) DEFAULT NULL,
  `value` varchar(255) DEFAULT '0',
  `comment` varchar(255) DEFAULT NULL,
  `updated_at` datetime DEFAULT current_timestamp(),
  PRIMARY KEY (`device`)
) ENGINE=InnoDB DEFAULT CHARSET=utf8mb4 COLLATE=utf8mb4_general_ci;

/*Data for the table `plc_oee_ng_plc_master` */

/*Table structure for table `plc_oee_total_fault_activity` */

DROP TABLE IF EXISTS `plc_oee_total_fault_activity`;

CREATE TABLE `plc_oee_total_fault_activity` (
  `device` varchar(10) DEFAULT NULL,
  `station_id` int(11) DEFAULT NULL,
  `plc_id` int(11) DEFAULT NULL,
  `value` varchar(100) DEFAULT NULL,
  `comment` varchar(100) DEFAULT NULL,
  `update_at` datetime DEFAULT current_timestamp(),
  `start_time` datetime DEFAULT NULL,
  `end_time` datetime DEFAULT NULL
) ENGINE=InnoDB DEFAULT CHARSET=utf8mb4 COLLATE=utf8mb4_general_ci;

/*Data for the table `plc_oee_total_fault_activity` */

insert  into `plc_oee_total_fault_activity`(`device`,`station_id`,`plc_id`,`value`,`comment`,`update_at`,`start_time`,`end_time`) values 
('M5',3,6,'1','LINE 1 ST6 SAB Equipment PLC','2026-02-22 12:48:42','2026-02-22 12:48:42',NULL),
('M8',3,9,'1','LINE 1 ST9 S/A Joint Front Back and Front Cushion / Nut Runner Front PLC','2026-02-22 12:48:42','2026-02-22 12:48:42',NULL),
('M9',3,10,'1','LINE 1 ST10 S/A Reclining','2026-02-22 12:48:42','2026-02-22 12:48:42',NULL),
('M10',3,11,'1','LINE 1 ST11 S/A Riser','2026-02-22 12:48:42','2026-02-22 12:48:42',NULL),
('M11',3,12,'1','LINE 1 ST12 S/A Iron Steam','2026-02-22 12:48:42','2026-02-22 12:48:42',NULL),
('M14',3,15,'1','LINE 1 ST15 CBU/SKD','2026-02-22 12:48:42','2026-02-22 12:48:42',NULL),
('M37',16,6,'1','LINE 3 ST6 Rear Backlock Equipment PLC','2026-02-22 12:57:27','2026-02-22 12:57:27',NULL),
('M5',3,6,'1','LINE 1 ST6 SAB Equipment PLC','2026-02-22 13:45:43','2026-02-22 13:45:43',NULL),
('M8',3,9,'1','LINE 1 ST9 S/A Joint Front Back and Front Cushion / Nut Runner Front PLC','2026-02-22 13:45:43','2026-02-22 13:45:43',NULL),
('M9',3,10,'1','LINE 1 ST10 S/A Reclining','2026-02-22 13:45:43','2026-02-22 13:45:43',NULL),
('M10',3,11,'1','LINE 1 ST11 S/A Riser','2026-02-22 13:45:43','2026-02-22 13:45:43',NULL),
('M11',3,12,'1','LINE 1 ST12 S/A Iron Steam','2026-02-22 13:45:43','2026-02-22 13:45:43',NULL),
('M14',3,15,'1','LINE 1 ST15 CBU/SKD','2026-02-22 13:45:43','2026-02-22 13:45:43',NULL);

/*Table structure for table `plc_oee_total_fault_master` */

DROP TABLE IF EXISTS `plc_oee_total_fault_master`;

CREATE TABLE `plc_oee_total_fault_master` (
  `device` varchar(10) NOT NULL,
  `station_id` int(11) DEFAULT NULL,
  `plc_id` int(11) DEFAULT NULL,
  `value` varchar(255) DEFAULT '0',
  `comment` varchar(255) DEFAULT NULL,
  `updated_at` datetime DEFAULT current_timestamp(),
  PRIMARY KEY (`device`)
) ENGINE=InnoDB DEFAULT CHARSET=utf8mb4 COLLATE=utf8mb4_general_ci;

/*Data for the table `plc_oee_total_fault_master` */

insert  into `plc_oee_total_fault_master`(`device`,`station_id`,`plc_id`,`value`,`comment`,`updated_at`) values 
('M0',3,12,'0','LINE 1 ST1 Adjuster R Equipment PLC','2026-02-22 13:44:09'),
('M1',3,2,'0','LINE 1 ST2 Adjuster L Equipment PLC','2026-02-22 13:44:09'),
('M10',3,11,'1','LINE 1 ST11 S/A Riser','2026-02-22 13:45:43'),
('M11',3,12,'1','LINE 1 ST12 S/A Iron Steam','2026-02-22 13:45:43'),
('M12',3,13,'0','LINE 1 ST13 -','2026-02-22 13:44:09'),
('M13',3,14,'0','LINE 1 ST14 -','2026-02-22 13:44:09'),
('M14',3,15,'1','LINE 1 ST15 CBU/SKD','2026-02-22 13:45:43'),
('M15',3,16,'0','LINE 1 ST16 -','2026-02-22 13:44:09'),
('M16',12,1,'0','LINE 2 ST1 S/A Trim 2nd Cushion','2026-02-22 13:44:09'),
('M17',12,2,'0','LINE 2 ST2 -','2026-02-22 13:44:09'),
('M18',12,3,'0','LINE 2 ST3 S/A Trim 2nd Back','2026-02-22 13:44:09'),
('M19',12,4,'0','LINE 2 ST4 S/A 2nd Tongue Back','2026-02-22 13:44:09'),
('M2',3,3,'0','LINE 1 ST3 S/A Trim Front Cushion','2026-02-22 13:44:09'),
('M20',12,5,'0','LINE 2 ST5 -','2026-02-22 13:44:09'),
('M21',12,6,'0','LINE 2 ST6 -','2026-02-22 13:44:09'),
('M22',12,7,'0','LINE 2 ST7 -','2026-02-22 13:44:09'),
('M23',12,8,'0','LINE 2 ST8 -','2026-02-22 13:44:09'),
('M24',12,9,'0','LINE 2 ST9 Tightening Tongue Back','2026-02-22 13:44:09'),
('M25',12,10,'0','LINE 2 ST10 S/A Joint Front Back and 2nd Cushion / Nut Runner 2nd PLC','2026-02-22 13:44:09'),
('M26',12,11,'0','LINE 2 ST11 S/A Belt','2026-02-22 13:44:09'),
('M27',12,12,'0','LINE 2 ST12 S/A Iron Steam','2026-02-22 13:44:09'),
('M28',12,13,'0','LINE 2 ST13 S/A Guide Head Rest','2026-02-22 13:44:09'),
('M29',12,14,'0','LINE 2 ST14 -','2026-02-22 13:44:09'),
('M3',3,4,'0','LINE 1 ST4 S/A Trim Front Back','2026-02-22 13:44:09'),
('M30',12,15,'0','LINE 2 ST15 -','2026-02-22 13:44:09'),
('M31',12,16,'0','LINE 2 ST16 CBU /SKD','2026-02-22 13:44:09'),
('M32',16,1,'0','LINE 3 ST1 Rear Bushing Equipment PLC','2026-02-22 13:44:09'),
('M33',16,2,'0','LINE 3 ST2 S/A Frame Comp 3rd Back','2026-02-22 13:44:09'),
('M34',16,3,'0','LINE 3 ST3 S/A Trim Comp 3rd Back','2026-02-22 13:44:09'),
('M35',16,4,'0','LINE 3 ST4 S/A Guide Head Rest','2026-02-22 13:44:09'),
('M36',16,5,'0','LINE 3 ST5 S/A Trim Comp 3rd Cushion','2026-02-22 13:44:09'),
('M37',16,6,'0','LINE 3 ST6 Rear Backlock Equipment PLC','2026-02-22 13:44:09'),
('M38',16,7,'0','LINE 3 ST7 -','2026-02-22 13:44:09'),
('M39',16,8,'0','LINE 3 ST8 CBU /SKD','2026-02-22 13:44:09'),
('M4',3,5,'0','LINE 1 ST5 S/A Front Cushion','2026-02-22 13:44:09'),
('M40',16,9,'0','LINE 3 ST9 -','2026-02-22 13:44:09'),
('M41',16,10,'0','LINE 3 ST10 -','2026-02-22 13:44:09'),
('M42',16,11,'0','LINE 3 ST11 -','2026-02-22 13:44:09'),
('M43',16,12,'0','LINE 3 ST12 -','2026-02-22 13:44:09'),
('M44',16,13,'0','LINE 3 ST13 -','2026-02-22 13:44:09'),
('M45',16,14,'0','LINE 3 ST14 -','2026-02-22 13:44:09'),
('M46',16,15,'0','LINE 3 ST15 -','2026-02-22 13:44:09'),
('M47',16,16,'0','LINE 3 ST16 -','2026-02-22 13:44:09'),
('M49',3,7,'0','ADDITION Reminder Inline/Offline PLC','2026-02-22 13:44:09'),
('M5',3,6,'1','LINE 1 ST6 SAB Equipment PLC','2026-02-22 13:45:43'),
('M6',3,7,'0','LINE 1 ST7 Rikifu Equipment PLC','2026-02-22 13:44:09'),
('M7',3,8,'0','LINE 1 ST8 -','2026-02-22 13:44:09'),
('M8',3,9,'1','LINE 1 ST9 S/A Joint Front Back and Front Cushion / Nut Runner Front PLC','2026-02-22 13:45:43'),
('M9',3,10,'1','LINE 1 ST10 S/A Reclining','2026-02-22 13:45:43');

/*!40101 SET SQL_MODE=@OLD_SQL_MODE */;
/*!40014 SET FOREIGN_KEY_CHECKS=@OLD_FOREIGN_KEY_CHECKS */;
/*!40014 SET UNIQUE_CHECKS=@OLD_UNIQUE_CHECKS */;
/*!40111 SET SQL_NOTES=@OLD_SQL_NOTES */;
